outer_fold,model,candidate,parameters,inner_fold,validation_ap,iterations,nonzero_features,violations
1,Monotonic,0,"{""lambda"": 0.001}",1,0.8766666666666667,28,14,0.0
1,Monotonic,0,"{""lambda"": 0.001}",2,0.35487012987012984,38,12,0.0
1,Monotonic,0,"{""lambda"": 0.001}",3,0.6311111111111112,38,16,0.0
1,Monotonic,0,"{""lambda"": 0.001}",4,0.8142857142857143,34,14,0.0
1,Monotonic,0,"{""lambda"": 0.001}",5,0.8875,28,15,0.0
1,Monotonic,1,"{""lambda"": 0.01}",1,0.8766666666666667,24,14,0.0
1,Monotonic,1,"{""lambda"": 0.01}",2,0.3875757575757576,26,14,0.0
1,Monotonic,1,"{""lambda"": 0.01}",3,0.6311111111111112,26,16,0.0
1,Monotonic,1,"{""lambda"": 0.01}",4,0.8333333333333333,25,14,0.0
1,Monotonic,1,"{""lambda"": 0.01}",5,0.8875,23,15,0.0
1,Monotonic,2,"{""lambda"": 0.1}",1,0.7595238095238095,14,15,0.0
1,Monotonic,2,"{""lambda"": 0.1}",2,0.5432900432900433,15,15,0.0
1,Monotonic,2,"{""lambda"": 0.1}",3,0.5968253968253969,14,17,0.0
1,Monotonic,2,"{""lambda"": 0.1}",4,0.8999999999999999,15,17,0.0
1,Monotonic,2,"{""lambda"": 0.1}",5,0.95,17,17,0.0
1,Monotonic,3,"{""lambda"": 1.0}",1,0.7295238095238095,11,18,0.0
1,Monotonic,3,"{""lambda"": 1.0}",2,0.5412698412698412,13,18,0.0
1,Monotonic,3,"{""lambda"": 1.0}",3,0.711111111111111,12,19,0.0
1,Monotonic,3,"{""lambda"": 1.0}",4,0.8711111111111112,12,18,0.0
1,Monotonic,3,"{""lambda"": 1.0}",5,0.7470238095238095,12,19,0.0
1,Monotonic,4,"{""lambda"": 10.0}",1,0.7295238095238095,10,19,0.0
1,Monotonic,4,"{""lambda"": 10.0}",2,0.5523809523809524,10,18,0.0
1,Monotonic,4,"{""lambda"": 10.0}",3,0.731111111111111,10,20,0.0
1,Monotonic,4,"{""lambda"": 10.0}",4,0.7544444444444445,10,18,0.0
1,Monotonic,4,"{""lambda"": 10.0}",5,0.7095238095238094,9,18,0.0
1,L2,0,"{""lambda"": 0.001}",1,0.7783333333333333,46,21,
1,L2,0,"{""lambda"": 0.001}",2,0.33714285714285713,66,21,
1,L2,0,"{""lambda"": 0.001}",3,0.6333333333333333,62,21,
1,L2,0,"{""lambda"": 0.001}",4,0.81,70,21,
1,L2,0,"{""lambda"": 0.001}",5,0.8875,58,21,
1,L2,1,"{""lambda"": 0.01}",1,0.7783333333333333,34,21,
1,L2,1,"{""lambda"": 0.01}",2,0.37177489177489176,32,21,
1,L2,1,"{""lambda"": 0.01}",3,0.6444444444444444,33,21,
1,L2,1,"{""lambda"": 0.01}",4,0.800909090909091,33,21,
1,L2,1,"{""lambda"": 0.01}",5,0.95,32,21,
1,L2,2,"{""lambda"": 0.1}",1,0.7595238095238095,17,21,
1,L2,2,"{""lambda"": 0.1}",2,0.5125757575757576,17,21,
1,L2,2,"{""lambda"": 0.1}",3,0.6587301587301588,16,21,
1,L2,2,"{""lambda"": 0.1}",4,0.6433333333333333,16,21,
1,L2,2,"{""lambda"": 0.1}",5,0.95,17,21,
1,L2,3,"{""lambda"": 1.0}",1,0.7295238095238095,11,21,
1,L2,3,"{""lambda"": 1.0}",2,0.521031746031746,11,21,
1,L2,3,"{""lambda"": 1.0}",3,0.711111111111111,11,21,
1,L2,3,"{""lambda"": 1.0}",4,0.8211111111111111,10,21,
1,L2,3,"{""lambda"": 1.0}",5,0.7708333333333333,10,21,
1,L2,4,"{""lambda"": 10.0}",1,0.7295238095238095,10,21,
1,L2,4,"{""lambda"": 10.0}",2,0.5305555555555556,10,21,
1,L2,4,"{""lambda"": 10.0}",3,0.7611111111111111,10,21,
1,L2,4,"{""lambda"": 10.0}",4,0.7544444444444445,10,21,
1,L2,4,"{""lambda"": 10.0}",5,0.7470238095238095,8,21,
1,Elastic Net,0,"{""lambda"": 0.001, ""l1_ratio"": 0.1}",1,0.7783333333333333,2058,21,
1,Elastic Net,0,"{""lambda"": 0.001, ""l1_ratio"": 0.1}",2,0.33714285714285713,6011,21,
1,Elastic Net,0,"{""lambda"": 0.001, ""l1_ratio"": 0.1}",3,0.6333333333333333,5396,21,
1,Elastic Net,0,"{""lambda"": 0.001, ""l1_ratio"": 0.1}",4,0.81,5184,21,
1,Elastic Net,0,"{""lambda"": 0.001, ""l1_ratio"": 0.1}",5,0.8875,3927,21,
1,Elastic Net,1,"{""lambda"": 0.001, ""l1_ratio"": 0.5}",1,0.7783333333333333,2364,21,
1,Elastic Net,1,"{""lambda"": 0.001, ""l1_ratio"": 0.5}",2,0.32999999999999996,10431,21,
1,Elastic Net,1,"{""lambda"": 0.001, ""l1_ratio"": 0.5}",3,0.6000000000000001,8929,21,
1,Elastic Net,1,"{""lambda"": 0.001, ""l1_ratio"": 0.5}",4,0.81,7657,20,
1,Elastic Net,1,"{""lambda"": 0.001, ""l1_ratio"": 0.5}",5,0.8875,4486,20,
1,Elastic Net,2,"{""lambda"": 0.001, ""l1_ratio"": 0.9}",1,0.7783333333333333,2531,20,
1,Elastic Net,2,"{""lambda"": 0.001, ""l1_ratio"": 0.9}",2,0.32999999999999996,15663,17,
1,Elastic Net,2,"{""lambda"": 0.001, ""l1_ratio"": 0.9}",3,0.6000000000000001,20895,20,
1,Elastic Net,2,"{""lambda"": 0.001, ""l1_ratio"": 0.9}",4,0.81,26680,20,
1,Elastic Net,2,"{""lambda"": 0.001, ""l1_ratio"": 0.9}",5,0.8875,5626,20,
1,Elastic Net,3,"{""lambda"": 0.01, ""l1_ratio"": 0.1}",1,0.7783333333333333,637,20,
1,Elastic Net,3,"{""lambda"": 0.01, ""l1_ratio"": 0.1}",2,0.37177489177489176,863,20,
1,Elastic Net,3,"{""lambda"": 0.01, ""l1_ratio"": 0.1}",3,0.6444444444444444,654,21,
1,Elastic Net,3,"{""lambda"": 0.01, ""l1_ratio"": 0.1}",4,0.800909090909091,909,20,
1,Elastic Net,3,"{""lambda"": 0.01, ""l1_ratio"": 0.1}",5,0.95,743,20,
1,Elastic Net,4,"{""lambda"": 0.01, ""l1_ratio"": 0.5}",1,0.8261904761904761,734,18,
1,Elastic Net,4,"{""lambda"": 0.01, ""l1_ratio"": 0.5}",2,0.3466666666666666,1108,18,
1,Elastic Net,4,"{""lambda"": 0.01, ""l1_ratio"": 0.5}",3,0.6444444444444444,949,21,
1,Elastic Net,4,"{""lambda"": 0.01, ""l1_ratio"": 0.5}",4,0.7742424242424242,1003,15,
1,Elastic Net,4,"{""lambda"": 0.01, ""l1_ratio"": 0.5}",5,0.95,852,17,
1,Elastic Net,5,"{""lambda"": 0.01, ""l1_ratio"": 0.9}",1,0.8261904761904761,902,16,
1,Elastic Net,5,"{""lambda"": 0.01, ""l1_ratio"": 0.9}",2,0.33939393939393936,1607,16,
1,Elastic Net,5,"{""lambda"": 0.01, ""l1_ratio"": 0.9}",3,0.6587301587301588,1604,20,
1,Elastic Net,5,"{""lambda"": 0.01, ""l1_ratio"": 0.9}",4,0.7742424242424242,1142,12,
1,Elastic Net,5,"{""lambda"": 0.01, ""l1_ratio"": 0.9}",5,0.95,792,14,
1,Elastic Net,6,"{""lambda"": 0.1, ""l1_ratio"": 0.1}",1,0.7861904761904761,146,16,
1,Elastic Net,6,"{""lambda"": 0.1, ""l1_ratio"": 0.1}",2,0.5119408369408369,145,20,
1,Elastic Net,6,"{""lambda"": 0.1, ""l1_ratio"": 0.1}",3,0.6587301587301588,120,19,
1,Elastic Net,6,"{""lambda"": 0.1, ""l1_ratio"": 0.1}",4,0.6433333333333333,144,17,
1,Elastic Net,6,"{""lambda"": 0.1, ""l1_ratio"": 0.1}",5,0.95,162,17,
1,Elastic Net,7,"{""lambda"": 0.1, ""l1_ratio"": 0.5}",1,0.885,188,10,
1,Elastic Net,7,"{""lambda"": 0.1, ""l1_ratio"": 0.5}",2,0.5366233766233766,174,10,
1,Elastic Net,7,"{""lambda"": 0.1, ""l1_ratio"": 0.5}",3,0.7611111111111111,140,11,
1,Elastic Net,7,"{""lambda"": 0.1, ""l1_ratio"": 0.5}",4,0.8211111111111111,185,8,
1,Elastic Net,7,"{""lambda"": 0.1, ""l1_ratio"": 0.5}",5,0.8166666666666667,219,7,
1,Elastic Net,8,"{""lambda"": 0.1, ""l1_ratio"": 0.9}",1,0.6644444444444444,298,4,
1,Elastic Net,8,"{""lambda"": 0.1, ""l1_ratio"": 0.9}",2,0.5214646464646464,329,7,
1,Elastic Net,8,"{""lambda"": 0.1, ""l1_ratio"": 0.9}",3,0.8111111111111111,226,7,
1,Elastic Net,8,"{""lambda"": 0.1, ""l1_ratio"": 0.9}",4,0.7416666666666667,210,5,
1,Elastic Net,8,"{""lambda"": 0.1, ""l1_ratio"": 0.9}",5,0.6678571428571429,136,4,
1,Elastic Net,9,"{""lambda"": 1.0, ""l1_ratio"": 0.1}",1,0.6644444444444444,90,6,
1,Elastic Net,9,"{""lambda"": 1.0, ""l1_ratio"": 0.1}",2,0.5634920634920635,82,9,
1,Elastic Net,9,"{""lambda"": 1.0, ""l1_ratio"": 0.1}",3,0.8111111111111111,72,10,
1,Elastic Net,9,"{""lambda"": 1.0, ""l1_ratio"": 0.1}",4,0.885,85,9,
1,Elastic Net,9,"{""lambda"": 1.0, ""l1_ratio"": 0.1}",5,0.7928571428571428,86,7,
1,Elastic Net,10,"{""lambda"": 1.0, ""l1_ratio"": 0.5}",1,0.4166666666666667,3,0,
1,Elastic Net,10,"{""lambda"": 1.0, ""l1_ratio"": 0.5}",2,0.4166666666666667,3,0,
1,Elastic Net,10,"{""lambda"": 1.0, ""l1_ratio"": 0.5}",3,0.45454545454545453,3,0,
1,Elastic Net,10,"{""lambda"": 1.0, ""l1_ratio"": 0.5}",4,0.45454545454545453,3,0,
1,Elastic Net,10,"{""lambda"": 1.0, ""l1_ratio"": 0.5}",5,0.4,1,0,
1,Elastic Net,11,"{""lambda"": 1.0, ""l1_ratio"": 0.9}",1,0.4166666666666667,1,0,
1,Elastic Net,11,"{""lambda"": 1.0, ""l1_ratio"": 0.9}",2,0.4166666666666667,3,0,
1,Elastic Net,11,"{""lambda"": 1.0, ""l1_ratio"": 0.9}",3,0.45454545454545453,3,0,
1,Elastic Net,11,"{""lambda"": 1.0, ""l1_ratio"": 0.9}",4,0.45454545454545453,3,0,
1,Elastic Net,11,"{""lambda"": 1.0, ""l1_ratio"": 0.9}",5,0.4,1,0,
1,Elastic Net,12,"{""lambda"": 10.0, ""l1_ratio"": 0.1}",1,0.4166666666666667,1,0,
1,Elastic Net,12,"{""lambda"": 10.0, ""l1_ratio"": 0.1}",2,0.4166666666666667,1,0,
1,Elastic Net,12,"{""lambda"": 10.0, ""l1_ratio"": 0.1}",3,0.45454545454545453,3,0,
1,Elastic Net,12,"{""lambda"": 10.0, ""l1_ratio"": 0.1}",4,0.45454545454545453,1,0,
1,Elastic Net,12,"{""lambda"": 10.0, ""l1_ratio"": 0.1}",5,0.4,1,0,
1,Elastic Net,13,"{""lambda"": 10.0, ""l1_ratio"": 0.5}",1,0.4166666666666667,1,0,
1,Elastic Net,13,"{""lambda"": 10.0, ""l1_ratio"": 0.5}",2,0.4166666666666667,1,0,
1,Elastic Net,13,"{""lambda"": 10.0, ""l1_ratio"": 0.5}",3,0.45454545454545453,1,0,
1,Elastic Net,13,"{""lambda"": 10.0, ""l1_ratio"": 0.5}",4,0.45454545454545453,1,0,
1,Elastic Net,13,"{""lambda"": 10.0, ""l1_ratio"": 0.5}",5,0.4,1,0,
1,Elastic Net,14,"{""lambda"": 10.0, ""l1_ratio"": 0.9}",1,0.4166666666666667,1,0,
1,Elastic Net,14,"{""lambda"": 10.0, ""l1_ratio"": 0.9}",2,0.4166666666666667,1,0,
1,Elastic Net,14,"{""lambda"": 10.0, ""l1_ratio"": 0.9}",3,0.45454545454545453,1,0,
1,Elastic Net,14,"{""lambda"": 10.0, ""l1_ratio"": 0.9}",4,0.45454545454545453,1,0,
1,Elastic Net,14,"{""lambda"": 10.0, ""l1_ratio"": 0.9}",5,0.4,1,0,
1,SVM,0,"{""C"": 0.01, ""gamma"": ""scale""}",1,0.6295238095238094,30,21,
1,SVM,0,"{""C"": 0.01, ""gamma"": ""scale""}",2,0.5175757575757576,29,21,
1,SVM,0,"{""C"": 0.01, ""gamma"": ""scale""}",3,0.6746031746031746,25,21,
1,SVM,0,"{""C"": 0.01, ""gamma"": ""scale""}",4,0.885,30,21,
1,SVM,0,"{""C"": 0.01, ""gamma"": ""scale""}",5,0.7708333333333333,31,21,
1,SVM,1,"{""C"": 0.01, ""gamma"": 0.01}",1,0.6783333333333332,23,21,
1,SVM,1,"{""C"": 0.01, ""gamma"": 0.01}",2,0.5119408369408369,24,21,
1,SVM,1,"{""C"": 0.01, ""gamma"": 0.01}",3,0.6222222222222222,21,21,
1,SVM,1,"{""C"": 0.01, ""gamma"": 0.01}",4,0.7544444444444445,24,21,
1,SVM,1,"{""C"": 0.01, ""gamma"": 0.01}",5,0.8041666666666667,23,21,
1,SVM,2,"{""C"": 0.01, ""gamma"": 0.1}",1,0.596190476190476,36,21,
1,SVM,2,"{""C"": 0.01, ""gamma"": 0.1}",2,0.4459090909090909,35,21,
1,SVM,2,"{""C"": 0.01, ""gamma"": 0.1}",3,0.4666666666666667,36,21,
1,SVM,2,"{""C"": 0.01, ""gamma"": 0.1}",4,0.8761904761904762,35,21,
1,SVM,2,"{""C"": 0.01, ""gamma"": 0.1}",5,0.775,36,21,
1,SVM,3,"{""C"": 0.1, ""gamma"": ""scale""}",1,0.6595238095238095,39,21,
1,SVM,3,"{""C"": 0.1, ""gamma"": ""scale""}",2,0.5175757575757576,41,21,
1,SVM,3,"{""C"": 0.1, ""gamma"": ""scale""}",3,0.6746031746031746,34,21,
1,SVM,3,"{""C"": 0.1, ""gamma"": ""scale""}",4,0.885,42,21,
1,SVM,3,"{""C"": 0.1, ""gamma"": ""scale""}",5,0.7708333333333333,37,21,
1,SVM,4,"{""C"": 0.1, ""gamma"": 0.01}",1,0.696190476190476,28,21,
1,SVM,4,"{""C"": 0.1, ""gamma"": 0.01}",2,0.5119408369408369,26,21,
1,SVM,4,"{""C"": 0.1, ""gamma"": 0.01}",3,0.6222222222222222,24,21,
1,SVM,4,"{""C"": 0.1, ""gamma"": 0.01}",4,0.7544444444444445,27,21,
1,SVM,4,"{""C"": 0.1, ""gamma"": 0.01}",5,0.8041666666666667,25,21,
1,SVM,5,"{""C"": 0.1, ""gamma"": 0.1}",1,0.5592857142857143,49,21,
1,SVM,5,"{""C"": 0.1, ""gamma"": 0.1}",2,0.4459090909090909,44,21,
1,SVM,5,"{""C"": 0.1, ""gamma"": 0.1}",3,0.4666666666666667,49,21,
1,SVM,5,"{""C"": 0.1, ""gamma"": 0.1}",4,0.8583333333333332,50,21,
1,SVM,5,"{""C"": 0.1, ""gamma"": 0.1}",5,0.775,46,21,
1,SVM,6,"{""C"": 1.0, ""gamma"": ""scale""}",1,0.596190476190476,57,21,
1,SVM,6,"{""C"": 1.0, ""gamma"": ""scale""}",2,0.5375757575757576,57,21,
1,SVM,6,"{""C"": 1.0, ""gamma"": ""scale""}",3,0.607936507936508,42,21,
1,SVM,6,"{""C"": 1.0, ""gamma"": ""scale""}",4,0.885,55,21,
1,SVM,6,"{""C"": 1.0, ""gamma"": ""scale""}",5,0.7708333333333333,48,21,
1,SVM,7,"{""C"": 1.0, ""gamma"": 0.01}",1,0.696190476190476,35,21,
1,SVM,7,"{""C"": 1.0, ""gamma"": 0.01}",2,0.5119408369408369,37,21,
1,SVM,7,"{""C"": 1.0, ""gamma"": 0.01}",3,0.6746031746031746,27,21,
1,SVM,7,"{""C"": 1.0, ""gamma"": 0.01}",4,0.7544444444444445,29,21,
1,SVM,7,"{""C"": 1.0, ""gamma"": 0.01}",5,0.8041666666666667,29,21,
1,SVM,8,"{""C"": 1.0, ""gamma"": 0.1}",1,0.5783333333333333,61,21,
1,SVM,8,"{""C"": 1.0, ""gamma"": 0.1}",2,0.45793650793650786,58,21,
1,SVM,8,"{""C"": 1.0, ""gamma"": 0.1}",3,0.4666666666666667,66,21,
1,SVM,8,"{""C"": 1.0, ""gamma"": 0.1}",4,0.8583333333333332,67,21,
1,SVM,8,"{""C"": 1.0, ""gamma"": 0.1}",5,0.775,59,21,
1,SVM,9,"{""C"": 10.0, ""gamma"": ""scale""}",1,0.696190476190476,133,21,
1,SVM,9,"{""C"": 10.0, ""gamma"": ""scale""}",2,0.3893939393939394,133,21,
1,SVM,9,"{""C"": 10.0, ""gamma"": ""scale""}",3,0.5342857142857143,120,21,
1,SVM,9,"{""C"": 10.0, ""gamma"": ""scale""}",4,0.8261904761904761,128,21,
1,SVM,9,"{""C"": 10.0, ""gamma"": ""scale""}",5,0.775,137,21,
1,SVM,10,"{""C"": 10.0, ""gamma"": 0.01}",1,0.696190476190476,170,21,
1,SVM,10,"{""C"": 10.0, ""gamma"": 0.01}",2,0.39329004329004325,126,21,
1,SVM,10,"{""C"": 10.0, ""gamma"": 0.01}",3,0.6476190476190475,158,21,
1,SVM,10,"{""C"": 10.0, ""gamma"": 0.01}",4,0.6166666666666666,138,21,
1,SVM,10,"{""C"": 10.0, ""gamma"": 0.01}",5,0.8166666666666667,134,21,
1,SVM,11,"{""C"": 10.0, ""gamma"": 0.1}",1,0.6644444444444444,96,21,
1,SVM,11,"{""C"": 10.0, ""gamma"": 0.1}",2,0.3893939393939394,91,21,
1,SVM,11,"{""C"": 10.0, ""gamma"": 0.1}",3,0.5009523809523809,85,21,
1,SVM,11,"{""C"": 10.0, ""gamma"": 0.1}",4,0.8253968253968254,88,21,
1,SVM,11,"{""C"": 10.0, ""gamma"": 0.1}",5,0.6916666666666667,101,21,
1,SVM,12,"{""C"": 100.0, ""gamma"": ""scale""}",1,0.696190476190476,133,21,
1,SVM,12,"{""C"": 100.0, ""gamma"": ""scale""}",2,0.3893939393939394,133,21,
1,SVM,12,"{""C"": 100.0, ""gamma"": ""scale""}",3,0.5342857142857143,120,21,
1,SVM,12,"{""C"": 100.0, ""gamma"": ""scale""}",4,0.8261904761904761,128,21,
1,SVM,12,"{""C"": 100.0, ""gamma"": ""scale""}",5,0.775,137,21,
1,SVM,13,"{""C"": 100.0, ""gamma"": 0.01}",1,0.6926190476190477,383,21,
1,SVM,13,"{""C"": 100.0, ""gamma"": 0.01}",2,0.36833333333333335,314,21,
1,SVM,13,"{""C"": 100.0, ""gamma"": 0.01}",3,0.7142857142857142,298,21,
1,SVM,13,"{""C"": 100.0, ""gamma"": 0.01}",4,0.72,374,21,
1,SVM,13,"{""C"": 100.0, ""gamma"": 0.01}",5,0.5527777777777778,384,21,
1,SVM,14,"{""C"": 100.0, ""gamma"": 0.1}",1,0.6644444444444444,96,21,
1,SVM,14,"{""C"": 100.0, ""gamma"": 0.1}",2,0.3893939393939394,91,21,
1,SVM,14,"{""C"": 100.0, ""gamma"": 0.1}",3,0.5009523809523809,85,21,
1,SVM,14,"{""C"": 100.0, ""gamma"": 0.1}",4,0.8253968253968254,88,21,
1,SVM,14,"{""C"": 100.0, ""gamma"": 0.1}",5,0.6916666666666667,101,21,
2,Monotonic,0,"{""lambda"": 0.001}",1,0.353051948051948,47,17,0.0
2,Monotonic,0,"{""lambda"": 0.001}",2,0.8,38,16,0.0
2,Monotonic,0,"{""lambda"": 0.001}",3,0.7642857142857142,39,16,0.0
2,Monotonic,0,"{""lambda"": 0.001}",4,0.6277777777777778,38,16,0.0
2,Monotonic,0,"{""lambda"": 0.001}",5,0.7644444444444445,34,16,0.0
2,Monotonic,1,"{""lambda"": 0.01}",1,0.3899567099567099,28,18,0.0
2,Monotonic,1,"{""lambda"": 0.01}",2,0.8333333333333333,29,17,0.0
2,Monotonic,1,"{""lambda"": 0.01}",3,0.7166666666666666,30,17,0.0
2,Monotonic,1,"{""lambda"": 0.01}",4,0.7277777777777779,30,17,0.0
2,Monotonic,1,"{""lambda"": 0.01}",5,0.7944444444444445,26,16,0.0
2,Monotonic,2,"{""lambda"": 0.1}",1,0.42329004329004327,17,20,0.0
2,Monotonic,2,"{""lambda"": 0.1}",2,0.7944444444444445,15,19,0.0
2,Monotonic,2,"{""lambda"": 0.1}",3,0.7166666666666666,16,19,0.0
2,Monotonic,2,"{""lambda"": 0.1}",4,0.7944444444444445,15,19,0.0
2,Monotonic,2,"{""lambda"": 0.1}",5,0.8444444444444443,14,17,0.0
2,Monotonic,3,"{""lambda"": 1.0}",1,0.5242424242424242,12,20,0.0
2,Monotonic,3,"{""lambda"": 1.0}",2,0.7783333333333333,12,21,0.0
2,Monotonic,3,"{""lambda"": 1.0}",3,0.6544444444444445,12,19,0.0
2,Monotonic,3,"{""lambda"": 1.0}",4,0.7753968253968253,12,20,0.0
2,Monotonic,3,"{""lambda"": 1.0}",5,0.8599999999999999,10,19,0.0
2,Monotonic,4,"{""lambda"": 10.0}",1,0.6542424242424243,10,21,0.0
2,Monotonic,4,"{""lambda"": 10.0}",2,0.7592857142857143,10,21,0.0
2,Monotonic,4,"{""lambda"": 10.0}",3,0.6683333333333333,10,20,0.0
2,Monotonic,4,"{""lambda"": 10.0}",4,0.7944444444444445,10,19,0.0
2,Monotonic,4,"{""lambda"": 10.0}",5,0.81,10,20,0.0
2,L2,0,"{""lambda"": 0.001}",1,0.48757575757575755,51,21,
2,L2,0,"{""lambda"": 0.001}",2,0.7888888888888888,67,21,
2,L2,0,"{""lambda"": 0.001}",3,0.6476190476190475,62,21,
2,L2,0,"{""lambda"": 0.001}",4,0.7087301587301587,60,21,
2,L2,0,"{""lambda"": 0.001}",5,0.6166666666666666,66,21,
2,L2,1,"{""lambda"": 0.01}",1,0.3875757575757576,32,21,
2,L2,1,"{""lambda"": 0.01}",2,0.8,34,21,
2,L2,1,"{""lambda"": 0.01}",3,0.6433333333333333,33,21,
2,L2,1,"{""lambda"": 0.01}",4,0.6944444444444444,33,21,
2,L2,1,"{""lambda"": 0.01}",5,0.7833333333333332,34,21,
2,L2,2,"{""lambda"": 0.1}",1,0.4509090909090909,16,21,
2,L2,2,"{""lambda"": 0.1}",2,0.7753968253968253,16,21,
2,L2,2,"{""lambda"": 0.1}",3,0.6166666666666666,17,21,
2,L2,2,"{""lambda"": 0.1}",4,0.7611111111111111,16,21,
2,L2,2,"{""lambda"": 0.1}",5,0.8444444444444443,17,21,
2,L2,3,"{""lambda"": 1.0}",1,0.5242424242424242,12,21,
2,L2,3,"{""lambda"": 1.0}",2,0.7783333333333333,11,21,
2,L2,3,"{""lambda"": 1.0}",3,0.6544444444444445,11,21,
2,L2,3,"{""lambda"": 1.0}",4,0.7753968253968253,11,21,
2,L2,3,"{""lambda"": 1.0}",5,0.8599999999999999,11,21,
2,L2,4,"{""lambda"": 10.0}",1,0.6542424242424243,10,21,
2,L2,4,"{""lambda"": 10.0}",2,0.7592857142857143,10,21,
2,L2,4,"{""lambda"": 10.0}",3,0.6683333333333333,10,21,
2,L2,4,"{""lambda"": 10.0}",4,0.7944444444444445,10,21,
2,L2,4,"{""lambda"": 10.0}",5,0.8599999999999999,10,21,
2,Elastic Net,0,"{""lambda"": 0.001, ""l1_ratio"": 0.1}",1,0.48757575757575755,4598,21,
2,Elastic Net,0,"{""lambda"": 0.001, ""l1_ratio"": 0.1}",2,0.7888888888888888,2919,21,
2,Elastic Net,0,"{""lambda"": 0.001, ""l1_ratio"": 0.1}",3,0.6476190476190475,2266,21,
2,Elastic Net,0,"{""lambda"": 0.001, ""l1_ratio"": 0.1}",4,0.7087301587301587,3111,21,
2,Elastic Net,0,"{""lambda"": 0.001, ""l1_ratio"": 0.1}",5,0.6166666666666666,4071,21,
2,Elastic Net,1,"{""lambda"": 0.001, ""l1_ratio"": 0.5}",1,0.3947186147186147,6006,20,
2,Elastic Net,1,"{""lambda"": 0.001, ""l1_ratio"": 0.5}",2,0.7888888888888888,3783,21,
2,Elastic Net,1,"{""lambda"": 0.001, ""l1_ratio"": 0.5}",3,0.6385281385281385,2531,21,
2,Elastic Net,1,"{""lambda"": 0.001, ""l1_ratio"": 0.5}",4,0.5944444444444444,4045,21,
2,Elastic Net,1,"{""lambda"": 0.001, ""l1_ratio"": 0.5}",5,0.6166666666666666,5816,21,
2,Elastic Net,2,"{""lambda"": 0.001, ""l1_ratio"": 0.9}",1,0.4042424242424242,11565,19,
2,Elastic Net,2,"{""lambda"": 0.001, ""l1_ratio"": 0.9}",2,0.7888888888888888,4879,20,
2,Elastic Net,2,"{""lambda"": 0.001, ""l1_ratio"": 0.9}",3,0.6385281385281385,3043,21,
2,Elastic Net,2,"{""lambda"": 0.001, ""l1_ratio"": 0.9}",4,0.5944444444444444,4502,20,
2,Elastic Net,2,"{""lambda"": 0.001, ""l1_ratio"": 0.9}",5,0.6166666666666666,13919,21,
2,Elastic Net,3,"{""lambda"": 0.01, ""l1_ratio"": 0.1}",1,0.3875757575757576,724,21,
2,Elastic Net,3,"{""lambda"": 0.01, ""l1_ratio"": 0.1}",2,0.8,535,20,
2,Elastic Net,3,"{""lambda"": 0.01, ""l1_ratio"": 0.1}",3,0.6433333333333333,586,21,
2,Elastic Net,3,"{""lambda"": 0.01, ""l1_ratio"": 0.1}",4,0.6944444444444444,563,20,
2,Elastic Net,3,"{""lambda"": 0.01, ""l1_ratio"": 0.1}",5,0.7833333333333332,599,19,
2,Elastic Net,4,"{""lambda"": 0.01, ""l1_ratio"": 0.5}",1,0.3875757575757576,842,19,
2,Elastic Net,4,"{""lambda"": 0.01, ""l1_ratio"": 0.5}",2,0.8,610,17,
2,Elastic Net,4,"{""lambda"": 0.01, ""l1_ratio"": 0.5}",3,0.6342424242424243,722,19,
2,Elastic Net,4,"{""lambda"": 0.01, ""l1_ratio"": 0.5}",4,0.6944444444444444,785,17,
2,Elastic Net,4,"{""lambda"": 0.01, ""l1_ratio"": 0.5}",5,0.7833333333333332,787,18,
2,Elastic Net,5,"{""lambda"": 0.01, ""l1_ratio"": 0.9}",1,0.3875757575757576,1446,18,
2,Elastic Net,5,"{""lambda"": 0.01, ""l1_ratio"": 0.9}",2,0.8,906,16,
2,Elastic Net,5,"{""lambda"": 0.01, ""l1_ratio"": 0.9}",3,0.7075757575757575,960,18,
2,Elastic Net,5,"{""lambda"": 0.01, ""l1_ratio"": 0.9}",4,0.7087301587301587,1041,14,
2,Elastic Net,5,"{""lambda"": 0.01, ""l1_ratio"": 0.9}",5,0.7166666666666666,830,15,
2,Elastic Net,6,"{""lambda"": 0.1, ""l1_ratio"": 0.1}",1,0.49090909090909085,124,21,
2,Elastic Net,6,"{""lambda"": 0.1, ""l1_ratio"": 0.1}",2,0.7753968253968253,97,19,
2,Elastic Net,6,"{""lambda"": 0.1, ""l1_ratio"": 0.1}",3,0.6433333333333333,109,18,
2,Elastic Net,6,"{""lambda"": 0.1, ""l1_ratio"": 0.1}",4,0.7611111111111111,116,19,
2,Elastic Net,6,"{""lambda"": 0.1, ""l1_ratio"": 0.1}",5,0.8444444444444443,95,16,
2,Elastic Net,7,"{""lambda"": 0.1, ""l1_ratio"": 0.5}",1,0.6909090909090909,128,12,
2,Elastic Net,7,"{""lambda"": 0.1, ""l1_ratio"": 0.5}",2,0.6944444444444444,132,9,
2,Elastic Net,7,"{""lambda"": 0.1, ""l1_ratio"": 0.5}",3,0.7433333333333334,130,9,
2,Elastic Net,7,"{""lambda"": 0.1, ""l1_ratio"": 0.5}",4,0.7611111111111111,137,10,
2,Elastic Net,7,"{""lambda"": 0.1, ""l1_ratio"": 0.5}",5,0.7277777777777779,135,10,
2,Elastic Net,8,"{""lambda"": 0.1, ""l1_ratio"": 0.9}",1,0.7209090909090909,206,7,
2,Elastic Net,8,"{""lambda"": 0.1, ""l1_ratio"": 0.9}",2,0.6944444444444444,133,4,
2,Elastic Net,8,"{""lambda"": 0.1, ""l1_ratio"": 0.9}",3,0.7833333333333332,172,5,
2,Elastic Net,8,"{""lambda"": 0.1, ""l1_ratio"": 0.9}",4,0.7892857142857141,166,5,
2,Elastic Net,8,"{""lambda"": 0.1, ""l1_ratio"": 0.9}",5,0.6416666666666666,228,3,
2,Elastic Net,9,"{""lambda"": 1.0, ""l1_ratio"": 0.1}",1,0.7709090909090908,58,11,
2,Elastic Net,9,"{""lambda"": 1.0, ""l1_ratio"": 0.1}",2,0.7226190476190475,55,9,
2,Elastic Net,9,"{""lambda"": 1.0, ""l1_ratio"": 0.1}",3,0.6944444444444444,61,8,
2,Elastic Net,9,"{""lambda"": 1.0, ""l1_ratio"": 0.1}",4,0.8392857142857142,65,10,
2,Elastic Net,9,"{""lambda"": 1.0, ""l1_ratio"": 0.1}",5,0.7433333333333334,57,8,
2,Elastic Net,10,"{""lambda"": 1.0, ""l1_ratio"": 0.5}",1,0.4166666666666667,3,0,
2,Elastic Net,10,"{""lambda"": 1.0, ""l1_ratio"": 0.5}",2,0.4166666666666667,3,0,
2,Elastic Net,10,"{""lambda"": 1.0, ""l1_ratio"": 0.5}",3,0.45454545454545453,4,0,
2,Elastic Net,10,"{""lambda"": 1.0, ""l1_ratio"": 0.5}",4,0.45454545454545453,1,0,
2,Elastic Net,10,"{""lambda"": 1.0, ""l1_ratio"": 0.5}",5,0.45454545454545453,1,0,
2,Elastic Net,11,"{""lambda"": 1.0, ""l1_ratio"": 0.9}",1,0.4166666666666667,3,0,
2,Elastic Net,11,"{""lambda"": 1.0, ""l1_ratio"": 0.9}",2,0.4166666666666667,1,0,
2,Elastic Net,11,"{""lambda"": 1.0, ""l1_ratio"": 0.9}",3,0.45454545454545453,1,0,
2,Elastic Net,11,"{""lambda"": 1.0, ""l1_ratio"": 0.9}",4,0.45454545454545453,1,0,
2,Elastic Net,11,"{""lambda"": 1.0, ""l1_ratio"": 0.9}",5,0.45454545454545453,1,0,
2,Elastic Net,12,"{""lambda"": 10.0, ""l1_ratio"": 0.1}",1,0.4166666666666667,1,0,
2,Elastic Net,12,"{""lambda"": 10.0, ""l1_ratio"": 0.1}",2,0.4166666666666667,1,0,
2,Elastic Net,12,"{""lambda"": 10.0, ""l1_ratio"": 0.1}",3,0.45454545454545453,1,0,
2,Elastic Net,12,"{""lambda"": 10.0, ""l1_ratio"": 0.1}",4,0.45454545454545453,1,0,
2,Elastic Net,12,"{""lambda"": 10.0, ""l1_ratio"": 0.1}",5,0.45454545454545453,1,0,
2,Elastic Net,13,"{""lambda"": 10.0, ""l1_ratio"": 0.5}",1,0.4166666666666667,1,0,
2,Elastic Net,13,"{""lambda"": 10.0, ""l1_ratio"": 0.5}",2,0.4166666666666667,1,0,
2,Elastic Net,13,"{""lambda"": 10.0, ""l1_ratio"": 0.5}",3,0.45454545454545453,1,0,
2,Elastic Net,13,"{""lambda"": 10.0, ""l1_ratio"": 0.5}",4,0.45454545454545453,1,0,
2,Elastic Net,13,"{""lambda"": 10.0, ""l1_ratio"": 0.5}",5,0.45454545454545453,1,0,
2,Elastic Net,14,"{""lambda"": 10.0, ""l1_ratio"": 0.9}",1,0.4166666666666667,1,0,
2,Elastic Net,14,"{""lambda"": 10.0, ""l1_ratio"": 0.9}",2,0.4166666666666667,1,0,
2,Elastic Net,14,"{""lambda"": 10.0, ""l1_ratio"": 0.9}",3,0.45454545454545453,1,0,
2,Elastic Net,14,"{""lambda"": 10.0, ""l1_ratio"": 0.9}",4,0.45454545454545453,1,0,
2,Elastic Net,14,"{""lambda"": 10.0, ""l1_ratio"": 0.9}",5,0.45454545454545453,1,0,
2,SVM,0,"{""C"": 0.01, ""gamma"": ""scale""}",1,0.47090909090909083,26,21,
2,SVM,0,"{""C"": 0.01, ""gamma"": ""scale""}",2,0.6866666666666665,24,21,
2,SVM,0,"{""C"": 0.01, ""gamma"": ""scale""}",3,0.7166666666666666,26,21,
2,SVM,0,"{""C"": 0.01, ""gamma"": ""scale""}",4,0.8509090909090908,26,21,
2,SVM,0,"{""C"": 0.01, ""gamma"": ""scale""}",5,0.8583333333333332,26,21,
2,SVM,1,"{""C"": 0.01, ""gamma"": 0.01}",1,0.5242424242424242,20,21,
2,SVM,1,"{""C"": 0.01, ""gamma"": 0.01}",2,0.7592857142857143,21,21,
2,SVM,1,"{""C"": 0.01, ""gamma"": 0.01}",3,0.6544444444444445,21,21,
2,SVM,1,"{""C"": 0.01, ""gamma"": 0.01}",4,0.8711111111111112,22,21,
2,SVM,1,"{""C"": 0.01, ""gamma"": 0.01}",5,0.8242424242424242,21,21,
2,SVM,2,"{""C"": 0.01, ""gamma"": 0.1}",1,0.5375757575757576,31,21,
2,SVM,2,"{""C"": 0.01, ""gamma"": 0.1}",2,0.6442424242424243,33,21,
2,SVM,2,"{""C"": 0.01, ""gamma"": 0.1}",3,0.8253968253968254,32,21,
2,SVM,2,"{""C"": 0.01, ""gamma"": 0.1}",4,0.800909090909091,32,21,
2,SVM,2,"{""C"": 0.01, ""gamma"": 0.1}",5,0.8583333333333332,36,21,
2,SVM,3,"{""C"": 0.1, ""gamma"": ""scale""}",1,0.47090909090909083,29,21,
2,SVM,3,"{""C"": 0.1, ""gamma"": ""scale""}",2,0.6866666666666665,30,21,
2,SVM,3,"{""C"": 0.1, ""gamma"": ""scale""}",3,0.7166666666666666,33,21,
2,SVM,3,"{""C"": 0.1, ""gamma"": ""scale""}",4,0.8509090909090908,33,21,
2,SVM,3,"{""C"": 0.1, ""gamma"": ""scale""}",5,0.8583333333333332,35,21,
2,SVM,4,"{""C"": 0.1, ""gamma"": 0.01}",1,0.5242424242424242,23,21,
2,SVM,4,"{""C"": 0.1, ""gamma"": 0.01}",2,0.6926190476190477,24,21,
2,SVM,4,"{""C"": 0.1, ""gamma"": 0.01}",3,0.6544444444444445,25,21,
2,SVM,4,"{""C"": 0.1, ""gamma"": 0.01}",4,0.8711111111111112,23,21,
2,SVM,4,"{""C"": 0.1, ""gamma"": 0.01}",5,0.8242424242424242,21,21,
2,SVM,5,"{""C"": 0.1, ""gamma"": 0.1}",1,0.5375757575757576,39,21,
2,SVM,5,"{""C"": 0.1, ""gamma"": 0.1}",2,0.6442424242424243,41,21,
2,SVM,5,"{""C"": 0.1, ""gamma"": 0.1}",3,0.8253968253968254,40,21,
2,SVM,5,"{""C"": 0.1, ""gamma"": 0.1}",4,0.800909090909091,41,21,
2,SVM,5,"{""C"": 0.1, ""gamma"": 0.1}",5,0.8583333333333332,48,21,
2,SVM,6,"{""C"": 1.0, ""gamma"": ""scale""}",1,0.5709090909090908,53,21,
2,SVM,6,"{""C"": 1.0, ""gamma"": ""scale""}",2,0.6533333333333333,52,21,
2,SVM,6,"{""C"": 1.0, ""gamma"": ""scale""}",3,0.7833333333333332,44,21,
2,SVM,6,"{""C"": 1.0, ""gamma"": ""scale""}",4,0.8509090909090908,57,21,
2,SVM,6,"{""C"": 1.0, ""gamma"": ""scale""}",5,0.8583333333333332,56,21,
2,SVM,7,"{""C"": 1.0, ""gamma"": 0.01}",1,0.5909090909090908,27,21,
2,SVM,7,"{""C"": 1.0, ""gamma"": 0.01}",2,0.7644444444444445,30,21,
2,SVM,7,"{""C"": 1.0, ""gamma"": 0.01}",3,0.6544444444444445,20,21,
2,SVM,7,"{""C"": 1.0, ""gamma"": 0.01}",4,0.8444444444444443,33,21,
2,SVM,7,"{""C"": 1.0, ""gamma"": 0.01}",5,0.8333333333333333,33,21,
2,SVM,8,"{""C"": 1.0, ""gamma"": 0.1}",1,0.5709090909090908,59,21,
2,SVM,8,"{""C"": 1.0, ""gamma"": 0.1}",2,0.6533333333333333,58,21,
2,SVM,8,"{""C"": 1.0, ""gamma"": 0.1}",3,0.8253968253968254,62,21,
2,SVM,8,"{""C"": 1.0, ""gamma"": 0.1}",4,0.800909090909091,59,21,
2,SVM,8,"{""C"": 1.0, ""gamma"": 0.1}",5,0.8583333333333332,61,21,
2,SVM,9,"{""C"": 10.0, ""gamma"": ""scale""}",1,0.5042424242424242,105,21,
2,SVM,9,"{""C"": 10.0, ""gamma"": ""scale""}",2,0.6722222222222223,126,21,
2,SVM,9,"{""C"": 10.0, ""gamma"": ""scale""}",3,0.6453968253968254,125,21,
2,SVM,9,"{""C"": 10.0, ""gamma"": ""scale""}",4,0.8242424242424242,122,21,
2,SVM,9,"{""C"": 10.0, ""gamma"": ""scale""}",5,0.6544444444444445,133,21,
2,SVM,10,"{""C"": 10.0, ""gamma"": 0.01}",1,0.48757575757575755,154,21,
2,SVM,10,"{""C"": 10.0, ""gamma"": 0.01}",2,0.8,134,21,
2,SVM,10,"{""C"": 10.0, ""gamma"": 0.01}",3,0.6166666666666666,121,21,
2,SVM,10,"{""C"": 10.0, ""gamma"": 0.01}",4,0.7944444444444445,120,21,
2,SVM,10,"{""C"": 10.0, ""gamma"": 0.01}",5,0.8444444444444443,169,21,
2,SVM,11,"{""C"": 10.0, ""gamma"": 0.1}",1,0.5042424242424242,89,21,
2,SVM,11,"{""C"": 10.0, ""gamma"": 0.1}",2,0.6533333333333333,85,21,
2,SVM,11,"{""C"": 10.0, ""gamma"": 0.1}",3,0.7611111111111111,86,21,
2,SVM,11,"{""C"": 10.0, ""gamma"": 0.1}",4,0.7342424242424244,96,21,
2,SVM,11,"{""C"": 10.0, ""gamma"": 0.1}",5,0.6683333333333333,91,21,
2,SVM,12,"{""C"": 100.0, ""gamma"": ""scale""}",1,0.5042424242424242,105,21,
2,SVM,12,"{""C"": 100.0, ""gamma"": ""scale""}",2,0.6722222222222223,126,21,
2,SVM,12,"{""C"": 100.0, ""gamma"": ""scale""}",3,0.6453968253968254,125,21,
2,SVM,12,"{""C"": 100.0, ""gamma"": ""scale""}",4,0.8242424242424242,122,21,
2,SVM,12,"{""C"": 100.0, ""gamma"": ""scale""}",5,0.6544444444444445,133,21,
2,SVM,13,"{""C"": 100.0, ""gamma"": 0.01}",1,0.48757575757575755,221,21,
2,SVM,13,"{""C"": 100.0, ""gamma"": 0.01}",2,0.706060606060606,360,21,
2,SVM,13,"{""C"": 100.0, ""gamma"": 0.01}",3,0.5053968253968254,381,21,
2,SVM,13,"{""C"": 100.0, ""gamma"": 0.01}",4,0.7753968253968253,369,21,
2,SVM,13,"{""C"": 100.0, ""gamma"": 0.01}",5,0.7075757575757575,423,21,
2,SVM,14,"{""C"": 100.0, ""gamma"": 0.1}",1,0.5042424242424242,89,21,
2,SVM,14,"{""C"": 100.0, ""gamma"": 0.1}",2,0.6533333333333333,85,21,
2,SVM,14,"{""C"": 100.0, ""gamma"": 0.1}",3,0.7611111111111111,86,21,
2,SVM,14,"{""C"": 100.0, ""gamma"": 0.1}",4,0.7342424242424244,96,21,
2,SVM,14,"{""C"": 100.0, ""gamma"": 0.1}",5,0.6683333333333333,91,21,
3,Monotonic,0,"{""lambda"": 0.001}",1,0.5166666666666666,35,15,0.0
3,Monotonic,0,"{""lambda"": 0.001}",2,0.41349206349206347,31,15,0.0
3,Monotonic,0,"{""lambda"": 0.001}",3,0.5438888888888889,30,14,0.0
3,Monotonic,0,"{""lambda"": 0.001}",4,0.6053968253968254,33,14,0.0
3,Monotonic,0,"{""lambda"": 0.001}",5,0.40238095238095234,33,17,0.0
3,Monotonic,1,"{""lambda"": 0.01}",1,0.530952380952381,27,15,0.0
3,Monotonic,1,"{""lambda"": 0.01}",2,0.41349206349206347,25,14,0.0
3,Monotonic,1,"{""lambda"": 0.01}",3,0.5546031746031745,26,14,0.0
3,Monotonic,1,"{""lambda"": 0.01}",4,0.6053968253968254,29,15,0.0
3,Monotonic,1,"{""lambda"": 0.01}",5,0.40238095238095234,24,17,0.0
3,Monotonic,2,"{""lambda"": 0.1}",1,0.5585281385281384,15,16,0.0
3,Monotonic,2,"{""lambda"": 0.1}",2,0.4411111111111111,14,14,0.0
3,Monotonic,2,"{""lambda"": 0.1}",3,0.5797979797979798,16,17,0.0
3,Monotonic,2,"{""lambda"": 0.1}",4,0.6253968253968254,15,17,0.0
3,Monotonic,2,"{""lambda"": 0.1}",5,0.5453968253968254,17,17,0.0
3,Monotonic,3,"{""lambda"": 1.0}",1,0.6109090909090908,12,19,0.0
3,Monotonic,3,"{""lambda"": 1.0}",2,0.46928571428571425,12,17,0.0
3,Monotonic,3,"{""lambda"": 1.0}",3,0.5547979797979798,12,18,0.0
3,Monotonic,3,"{""lambda"": 1.0}",4,0.6253968253968254,12,18,0.0
3,Monotonic,3,"{""lambda"": 1.0}",5,0.6961904761904762,12,19,0.0
3,Monotonic,4,"{""lambda"": 10.0}",1,0.6442424242424243,10,19,0.0
3,Monotonic,4,"{""lambda"": 10.0}",2,0.46928571428571425,9,19,0.0
3,Monotonic,4,"{""lambda"": 10.0}",3,0.5347979797979798,10,18,0.0
3,Monotonic,4,"{""lambda"": 10.0}",4,0.6253968253968254,10,18,0.0
3,Monotonic,4,"{""lambda"": 10.0}",5,0.7295238095238095,10,20,0.0
3,L2,0,"{""lambda"": 0.001}",1,0.4566233766233766,61,21,
3,L2,0,"{""lambda"": 0.001}",2,0.45238095238095233,61,21,
3,L2,0,"{""lambda"": 0.001}",3,0.4634920634920635,53,21,
3,L2,0,"{""lambda"": 0.001}",4,0.7833333333333332,62,21,
3,L2,0,"{""lambda"": 0.001}",5,0.5111111111111111,52,21,
3,L2,1,"{""lambda"": 0.01}",1,0.4575757575757575,37,21,
3,L2,1,"{""lambda"": 0.01}",2,0.4634920634920635,32,21,
3,L2,1,"{""lambda"": 0.01}",3,0.663888888888889,34,21,
3,L2,1,"{""lambda"": 0.01}",4,0.7342424242424244,36,21,
3,L2,1,"{""lambda"": 0.01}",5,0.4768253968253968,34,21,
3,L2,2,"{""lambda"": 0.1}",1,0.4918614718614718,16,21,
3,L2,2,"{""lambda"": 0.1}",2,0.41349206349206347,16,21,
3,L2,2,"{""lambda"": 0.1}",3,0.4997979797979798,16,21,
3,L2,2,"{""lambda"": 0.1}",4,0.7087301587301587,17,21,
3,L2,2,"{""lambda"": 0.1}",5,0.5253968253968254,17,21,
3,L2,3,"{""lambda"": 1.0}",1,0.6442424242424243,11,21,
3,L2,3,"{""lambda"": 1.0}",2,0.46928571428571425,11,21,
3,L2,3,"{""lambda"": 1.0}",3,0.5459090909090909,11,21,
3,L2,3,"{""lambda"": 1.0}",4,0.5968253968253969,11,21,
3,L2,3,"{""lambda"": 1.0}",5,0.6961904761904762,11,21,
3,L2,4,"{""lambda"": 10.0}",1,0.6775757575757575,10,21,
3,L2,4,"{""lambda"": 10.0}",2,0.46928571428571425,9,21,
3,L2,4,"{""lambda"": 10.0}",3,0.5347979797979798,10,21,
3,L2,4,"{""lambda"": 10.0}",4,0.6111111111111112,10,21,
3,L2,4,"{""lambda"": 10.0}",5,0.7295238095238095,11,21,
3,Elastic Net,0,"{""lambda"": 0.001, ""l1_ratio"": 0.1}",1,0.4566233766233766,4471,21,
3,Elastic Net,0,"{""lambda"": 0.001, ""l1_ratio"": 0.1}",2,0.45238095238095233,6189,21,
3,Elastic Net,0,"{""lambda"": 0.001, ""l1_ratio"": 0.1}",3,0.4634920634920635,4791,21,
3,Elastic Net,0,"{""lambda"": 0.001, ""l1_ratio"": 0.1}",4,0.7944444444444445,4118,21,
3,Elastic Net,0,"{""lambda"": 0.001, ""l1_ratio"": 0.1}",5,0.5111111111111111,2744,21,
3,Elastic Net,1,"{""lambda"": 0.001, ""l1_ratio"": 0.5}",1,0.4432900432900433,6389,21,
3,Elastic Net,1,"{""lambda"": 0.001, ""l1_ratio"": 0.5}",2,0.44126984126984126,9250,21,
3,Elastic Net,1,"{""lambda"": 0.001, ""l1_ratio"": 0.5}",3,0.4634920634920635,6522,21,
3,Elastic Net,1,"{""lambda"": 0.001, ""l1_ratio"": 0.5}",4,0.8083333333333333,5217,21,
3,Elastic Net,1,"{""lambda"": 0.001, ""l1_ratio"": 0.5}",5,0.5111111111111111,3381,21,
3,Elastic Net,2,"{""lambda"": 0.001, ""l1_ratio"": 0.9}",1,0.4432900432900433,14705,21,
3,Elastic Net,2,"{""lambda"": 0.001, ""l1_ratio"": 0.9}",2,0.4079365079365079,22842,20,
3,Elastic Net,2,"{""lambda"": 0.001, ""l1_ratio"": 0.9}",3,0.4634920634920635,11625,21,
3,Elastic Net,2,"{""lambda"": 0.001, ""l1_ratio"": 0.9}",4,0.7783333333333333,7836,21,
3,Elastic Net,2,"{""lambda"": 0.001, ""l1_ratio"": 0.9}",5,0.49111111111111116,4670,21,
3,Elastic Net,3,"{""lambda"": 0.01, ""l1_ratio"": 0.1}",1,0.4575757575757575,892,20,
3,Elastic Net,3,"{""lambda"": 0.01, ""l1_ratio"": 0.1}",2,0.4634920634920635,917,21,
3,Elastic Net,3,"{""lambda"": 0.01, ""l1_ratio"": 0.1}",3,0.663888888888889,852,20,
3,Elastic Net,3,"{""lambda"": 0.01, ""l1_ratio"": 0.1}",4,0.7342424242424244,984,21,
3,Elastic Net,3,"{""lambda"": 0.01, ""l1_ratio"": 0.1}",5,0.4768253968253968,587,21,
3,Elastic Net,4,"{""lambda"": 0.01, ""l1_ratio"": 0.5}",1,0.49090909090909085,1160,17,
3,Elastic Net,4,"{""lambda"": 0.01, ""l1_ratio"": 0.5}",2,0.43015873015873013,1061,20,
3,Elastic Net,4,"{""lambda"": 0.01, ""l1_ratio"": 0.5}",3,0.663888888888889,944,17,
3,Elastic Net,4,"{""lambda"": 0.01, ""l1_ratio"": 0.5}",4,0.7342424242424244,1308,18,
3,Elastic Net,4,"{""lambda"": 0.01, ""l1_ratio"": 0.5}",5,0.4634920634920635,645,17,
3,Elastic Net,5,"{""lambda"": 0.01, ""l1_ratio"": 0.9}",1,0.47090909090909094,1887,16,
3,Elastic Net,5,"{""lambda"": 0.01, ""l1_ratio"": 0.9}",2,0.43015873015873013,1491,18,
3,Elastic Net,5,"{""lambda"": 0.01, ""l1_ratio"": 0.9}",3,0.5746031746031746,1020,17,
3,Elastic Net,5,"{""lambda"": 0.01, ""l1_ratio"": 0.9}",4,0.7342424242424244,2028,15,
3,Elastic Net,5,"{""lambda"": 0.01, ""l1_ratio"": 0.9}",5,0.4634920634920635,824,16,
3,Elastic Net,6,"{""lambda"": 0.1, ""l1_ratio"": 0.1}",1,0.5251948051948051,143,19,
3,Elastic Net,6,"{""lambda"": 0.1, ""l1_ratio"": 0.1}",2,0.42682539682539683,145,17,
3,Elastic Net,6,"{""lambda"": 0.1, ""l1_ratio"": 0.1}",3,0.4997979797979798,154,17,
3,Elastic Net,6,"{""lambda"": 0.1, ""l1_ratio"": 0.1}",4,0.6453968253968254,128,17,
3,Elastic Net,6,"{""lambda"": 0.1, ""l1_ratio"": 0.1}",5,0.5392857142857143,136,19,
3,Elastic Net,7,"{""lambda"": 0.1, ""l1_ratio"": 0.5}",1,0.8142857142857143,181,9,
3,Elastic Net,7,"{""lambda"": 0.1, ""l1_ratio"": 0.5}",2,0.4434920634920635,133,6,
3,Elastic Net,7,"{""lambda"": 0.1, ""l1_ratio"": 0.5}",3,0.6253968253968254,178,8,
3,Elastic Net,7,"{""lambda"": 0.1, ""l1_ratio"": 0.5}",4,0.6533333333333333,186,9,
3,Elastic Net,7,"{""lambda"": 0.1, ""l1_ratio"": 0.5}",5,0.6192857142857142,171,11,
3,Elastic Net,8,"{""lambda"": 0.1, ""l1_ratio"": 0.9}",1,0.7944444444444445,140,5,
3,Elastic Net,8,"{""lambda"": 0.1, ""l1_ratio"": 0.9}",2,0.4720634920634921,143,5,
3,Elastic Net,8,"{""lambda"": 0.1, ""l1_ratio"": 0.9}",3,0.6253968253968254,131,4,
3,Elastic Net,8,"{""lambda"": 0.1, ""l1_ratio"": 0.9}",4,0.81,124,3,
3,Elastic Net,8,"{""lambda"": 0.1, ""l1_ratio"": 0.9}",5,0.5783333333333333,90,2,
3,Elastic Net,9,"{""lambda"": 1.0, ""l1_ratio"": 0.1}",1,0.911111111111111,79,8,
3,Elastic Net,9,"{""lambda"": 1.0, ""l1_ratio"": 0.1}",2,0.4411111111111111,77,6,
3,Elastic Net,9,"{""lambda"": 1.0, ""l1_ratio"": 0.1}",3,0.6088888888888888,83,7,
3,Elastic Net,9,"{""lambda"": 1.0, ""l1_ratio"": 0.1}",4,0.7533333333333332,80,8,
3,Elastic Net,9,"{""lambda"": 1.0, ""l1_ratio"": 0.1}",5,0.8211111111111111,75,5,
3,Elastic Net,10,"{""lambda"": 1.0, ""l1_ratio"": 0.5}",1,0.4166666666666667,3,0,
3,Elastic Net,10,"{""lambda"": 1.0, ""l1_ratio"": 0.5}",2,0.4166666666666667,3,0,
3,Elastic Net,10,"{""lambda"": 1.0, ""l1_ratio"": 0.5}",3,0.45454545454545453,1,0,
3,Elastic Net,10,"{""lambda"": 1.0, ""l1_ratio"": 0.5}",4,0.45454545454545453,1,0,
3,Elastic Net,10,"{""lambda"": 1.0, ""l1_ratio"": 0.5}",5,0.45454545454545453,1,0,
3,Elastic Net,11,"{""lambda"": 1.0, ""l1_ratio"": 0.9}",1,0.4166666666666667,1,0,
3,Elastic Net,11,"{""lambda"": 1.0, ""l1_ratio"": 0.9}",2,0.4166666666666667,3,0,
3,Elastic Net,11,"{""lambda"": 1.0, ""l1_ratio"": 0.9}",3,0.45454545454545453,1,0,
3,Elastic Net,11,"{""lambda"": 1.0, ""l1_ratio"": 0.9}",4,0.45454545454545453,1,0,
3,Elastic Net,11,"{""lambda"": 1.0, ""l1_ratio"": 0.9}",5,0.45454545454545453,1,0,
3,Elastic Net,12,"{""lambda"": 10.0, ""l1_ratio"": 0.1}",1,0.4166666666666667,1,0,
3,Elastic Net,12,"{""lambda"": 10.0, ""l1_ratio"": 0.1}",2,0.4166666666666667,3,0,
3,Elastic Net,12,"{""lambda"": 10.0, ""l1_ratio"": 0.1}",3,0.45454545454545453,1,0,
3,Elastic Net,12,"{""lambda"": 10.0, ""l1_ratio"": 0.1}",4,0.45454545454545453,1,0,
3,Elastic Net,12,"{""lambda"": 10.0, ""l1_ratio"": 0.1}",5,0.45454545454545453,1,0,
3,Elastic Net,13,"{""lambda"": 10.0, ""l1_ratio"": 0.5}",1,0.4166666666666667,1,0,
3,Elastic Net,13,"{""lambda"": 10.0, ""l1_ratio"": 0.5}",2,0.4166666666666667,1,0,
3,Elastic Net,13,"{""lambda"": 10.0, ""l1_ratio"": 0.5}",3,0.45454545454545453,1,0,
3,Elastic Net,13,"{""lambda"": 10.0, ""l1_ratio"": 0.5}",4,0.45454545454545453,1,0,
3,Elastic Net,13,"{""lambda"": 10.0, ""l1_ratio"": 0.5}",5,0.45454545454545453,1,0,
3,Elastic Net,14,"{""lambda"": 10.0, ""l1_ratio"": 0.9}",1,0.4166666666666667,1,0,
3,Elastic Net,14,"{""lambda"": 10.0, ""l1_ratio"": 0.9}",2,0.4166666666666667,1,0,
3,Elastic Net,14,"{""lambda"": 10.0, ""l1_ratio"": 0.9}",3,0.45454545454545453,1,0,
3,Elastic Net,14,"{""lambda"": 10.0, ""l1_ratio"": 0.9}",4,0.45454545454545453,1,0,
3,Elastic Net,14,"{""lambda"": 10.0, ""l1_ratio"": 0.9}",5,0.45454545454545453,1,0,
3,SVM,0,"{""C"": 0.01, ""gamma"": ""scale""}",1,0.6442424242424243,26,21,
3,SVM,0,"{""C"": 0.01, ""gamma"": ""scale""}",2,0.41349206349206347,27,21,
3,SVM,0,"{""C"": 0.01, ""gamma"": ""scale""}",3,0.4720634920634921,27,21,
3,SVM,0,"{""C"": 0.01, ""gamma"": ""scale""}",4,0.7253968253968255,26,21,
3,SVM,0,"{""C"": 0.01, ""gamma"": ""scale""}",5,0.7142857142857142,29,21,
3,SVM,1,"{""C"": 0.01, ""gamma"": 0.01}",1,0.6442424242424243,25,21,
3,SVM,1,"{""C"": 0.01, ""gamma"": 0.01}",2,0.4411111111111111,22,21,
3,SVM,1,"{""C"": 0.01, ""gamma"": 0.01}",3,0.4432900432900433,25,21,
3,SVM,1,"{""C"": 0.01, ""gamma"": 0.01}",4,0.6787301587301586,24,21,
3,SVM,1,"{""C"": 0.01, ""gamma"": 0.01}",5,0.6253968253968254,23,21,
3,SVM,2,"{""C"": 0.01, ""gamma"": 0.1}",1,0.7251948051948052,33,21,
3,SVM,2,"{""C"": 0.01, ""gamma"": 0.1}",2,0.5192857142857142,33,21,
3,SVM,2,"{""C"": 0.01, ""gamma"": 0.1}",3,0.49206349206349204,34,21,
3,SVM,2,"{""C"": 0.01, ""gamma"": 0.1}",4,0.6592857142857143,36,21,
3,SVM,2,"{""C"": 0.01, ""gamma"": 0.1}",5,0.6709090909090909,35,21,
3,SVM,3,"{""C"": 0.1, ""gamma"": ""scale""}",1,0.6442424242424243,33,21,
3,SVM,3,"{""C"": 0.1, ""gamma"": ""scale""}",2,0.42682539682539683,31,21,
3,SVM,3,"{""C"": 0.1, ""gamma"": ""scale""}",3,0.4720634920634921,38,21,
3,SVM,3,"{""C"": 0.1, ""gamma"": ""scale""}",4,0.7253968253968255,34,21,
3,SVM,3,"{""C"": 0.1, ""gamma"": ""scale""}",5,0.7142857142857142,35,21,
3,SVM,4,"{""C"": 0.1, ""gamma"": 0.01}",1,0.6442424242424243,27,21,
3,SVM,4,"{""C"": 0.1, ""gamma"": 0.01}",2,0.4411111111111111,24,21,
3,SVM,4,"{""C"": 0.1, ""gamma"": 0.01}",3,0.4432900432900433,25,21,
3,SVM,4,"{""C"": 0.1, ""gamma"": 0.01}",4,0.6644444444444444,29,21,
3,SVM,4,"{""C"": 0.1, ""gamma"": 0.01}",5,0.6253968253968254,27,21,
3,SVM,5,"{""C"": 0.1, ""gamma"": 0.1}",1,0.7251948051948052,42,21,
3,SVM,5,"{""C"": 0.1, ""gamma"": 0.1}",2,0.5192857142857142,41,21,
3,SVM,5,"{""C"": 0.1, ""gamma"": 0.1}",3,0.49206349206349204,43,21,
3,SVM,5,"{""C"": 0.1, ""gamma"": 0.1}",4,0.6592857142857143,45,21,
3,SVM,5,"{""C"": 0.1, ""gamma"": 0.1}",5,0.6709090909090909,48,21,
3,SVM,6,"{""C"": 1.0, ""gamma"": ""scale""}",1,0.6585281385281385,47,21,
3,SVM,6,"{""C"": 1.0, ""gamma"": ""scale""}",2,0.43015873015873013,48,21,
3,SVM,6,"{""C"": 1.0, ""gamma"": ""scale""}",3,0.5059523809523809,53,21,
3,SVM,6,"{""C"": 1.0, ""gamma"": ""scale""}",4,0.7253968253968255,50,21,
3,SVM,6,"{""C"": 1.0, ""gamma"": ""scale""}",5,0.7142857142857142,46,21,
3,SVM,7,"{""C"": 1.0, ""gamma"": 0.01}",1,0.6442424242424243,27,21,
3,SVM,7,"{""C"": 1.0, ""gamma"": 0.01}",2,0.4411111111111111,27,21,
3,SVM,7,"{""C"": 1.0, ""gamma"": 0.01}",3,0.4432900432900433,35,21,
3,SVM,7,"{""C"": 1.0, ""gamma"": 0.01}",4,0.6644444444444444,33,21,
3,SVM,7,"{""C"": 1.0, ""gamma"": 0.01}",5,0.6253968253968254,30,21,
3,SVM,8,"{""C"": 1.0, ""gamma"": 0.1}",1,0.7251948051948052,57,21,
3,SVM,8,"{""C"": 1.0, ""gamma"": 0.1}",2,0.5192857142857142,57,21,
3,SVM,8,"{""C"": 1.0, ""gamma"": 0.1}",3,0.49206349206349204,65,21,
3,SVM,8,"{""C"": 1.0, ""gamma"": 0.1}",4,0.6783333333333332,63,21,
3,SVM,8,"{""C"": 1.0, ""gamma"": 0.1}",5,0.6709090909090909,61,21,
3,SVM,9,"{""C"": 10.0, ""gamma"": ""scale""}",1,0.5131313131313131,142,21,
3,SVM,9,"{""C"": 10.0, ""gamma"": ""scale""}",2,0.49777777777777776,128,21,
3,SVM,9,"{""C"": 10.0, ""gamma"": ""scale""}",3,0.48666666666666664,139,21,
3,SVM,9,"{""C"": 10.0, ""gamma"": ""scale""}",4,0.6866666666666665,139,21,
3,SVM,9,"{""C"": 10.0, ""gamma"": ""scale""}",5,0.6746031746031746,130,21,
3,SVM,10,"{""C"": 10.0, ""gamma"": 0.01}",1,0.47,153,21,
3,SVM,10,"{""C"": 10.0, ""gamma"": 0.01}",2,0.41349206349206347,138,21,
3,SVM,10,"{""C"": 10.0, ""gamma"": 0.01}",3,0.44646464646464645,99,21,
3,SVM,10,"{""C"": 10.0, ""gamma"": 0.01}",4,0.7592857142857143,100,21,
3,SVM,10,"{""C"": 10.0, ""gamma"": 0.01}",5,0.5099567099567099,117,21,
3,SVM,11,"{""C"": 10.0, ""gamma"": 0.1}",1,0.5242424242424242,87,21,
3,SVM,11,"{""C"": 10.0, ""gamma"": 0.1}",2,0.5783333333333333,93,21,
3,SVM,11,"{""C"": 10.0, ""gamma"": 0.1}",3,0.47777777777777775,89,21,
3,SVM,11,"{""C"": 10.0, ""gamma"": 0.1}",4,0.7116666666666667,98,21,
3,SVM,11,"{""C"": 10.0, ""gamma"": 0.1}",5,0.7209090909090909,87,21,
3,SVM,12,"{""C"": 100.0, ""gamma"": ""scale""}",1,0.5131313131313131,142,21,
3,SVM,12,"{""C"": 100.0, ""gamma"": ""scale""}",2,0.49777777777777776,128,21,
3,SVM,12,"{""C"": 100.0, ""gamma"": ""scale""}",3,0.48666666666666664,139,21,
3,SVM,12,"{""C"": 100.0, ""gamma"": ""scale""}",4,0.6866666666666665,139,21,
3,SVM,12,"{""C"": 100.0, ""gamma"": ""scale""}",5,0.6746031746031746,130,21,
3,SVM,13,"{""C"": 100.0, ""gamma"": 0.01}",1,0.4899567099567099,477,21,
3,SVM,13,"{""C"": 100.0, ""gamma"": 0.01}",2,0.43015873015873013,378,21,
3,SVM,13,"{""C"": 100.0, ""gamma"": 0.01}",3,0.5242424242424242,420,21,
3,SVM,13,"{""C"": 100.0, ""gamma"": 0.01}",4,0.6166666666666666,506,21,
3,SVM,13,"{""C"": 100.0, ""gamma"": 0.01}",5,0.49090909090909085,346,21,
3,SVM,14,"{""C"": 100.0, ""gamma"": 0.1}",1,0.5242424242424242,87,21,
3,SVM,14,"{""C"": 100.0, ""gamma"": 0.1}",2,0.5783333333333333,93,21,
3,SVM,14,"{""C"": 100.0, ""gamma"": 0.1}",3,0.47777777777777775,89,21,
3,SVM,14,"{""C"": 100.0, ""gamma"": 0.1}",4,0.7116666666666667,98,21,
3,SVM,14,"{""C"": 100.0, ""gamma"": 0.1}",5,0.7209090909090909,87,21,
4,Monotonic,0,"{""lambda"": 0.001}",1,0.8166666666666667,31,15,0.0
4,Monotonic,0,"{""lambda"": 0.001}",2,0.5342857142857143,23,14,0.0
4,Monotonic,0,"{""lambda"": 0.001}",3,0.4634920634920635,30,15,0.0
4,Monotonic,0,"{""lambda"": 0.001}",4,0.7051948051948052,24,13,0.0
4,Monotonic,0,"{""lambda"": 0.001}",5,0.4079365079365079,37,18,0.0
4,Monotonic,1,"{""lambda"": 0.01}",1,0.8166666666666667,26,15,0.0
4,Monotonic,1,"{""lambda"": 0.01}",2,0.5533333333333332,23,14,0.0
4,Monotonic,1,"{""lambda"": 0.01}",3,0.4434920634920635,26,14,0.0
4,Monotonic,1,"{""lambda"": 0.01}",4,0.7251948051948052,24,14,0.0
4,Monotonic,1,"{""lambda"": 0.01}",5,0.49111111111111116,30,18,0.0
4,Monotonic,2,"{""lambda"": 0.1}",1,0.7976190476190477,17,18,0.0
4,Monotonic,2,"{""lambda"": 0.1}",2,0.5833333333333333,15,15,0.0
4,Monotonic,2,"{""lambda"": 0.1}",3,0.4434920634920635,15,17,0.0
4,Monotonic,2,"{""lambda"": 0.1}",4,0.8333333333333333,16,17,0.0
4,Monotonic,2,"{""lambda"": 0.1}",5,0.42682539682539683,16,19,0.0
4,Monotonic,3,"{""lambda"": 1.0}",1,0.8051948051948052,12,18,0.0
4,Monotonic,3,"{""lambda"": 1.0}",2,0.5444444444444444,10,18,0.0
4,Monotonic,3,"{""lambda"": 1.0}",3,0.43015873015873013,12,19,0.0
4,Monotonic,3,"{""lambda"": 1.0}",4,0.8599999999999999,12,19,0.0
4,Monotonic,3,"{""lambda"": 1.0}",5,0.4634920634920635,12,19,0.0
4,Monotonic,4,"{""lambda"": 10.0}",1,0.740909090909091,9,18,0.0
4,Monotonic,4,"{""lambda"": 10.0}",2,0.49777777777777776,9,19,0.0
4,Monotonic,4,"{""lambda"": 10.0}",3,0.4634920634920635,10,19,0.0
4,Monotonic,4,"{""lambda"": 10.0}",4,0.8599999999999999,9,19,0.0
4,Monotonic,4,"{""lambda"": 10.0}",5,0.5111111111111111,9,20,0.0
4,L2,0,"{""lambda"": 0.001}",1,0.7266666666666666,54,21,
4,L2,0,"{""lambda"": 0.001}",2,0.4034920634920635,61,21,
4,L2,0,"{""lambda"": 0.001}",3,0.4432900432900433,58,21,
4,L2,0,"{""lambda"": 0.001}",4,0.6585281385281385,43,21,
4,L2,0,"{""lambda"": 0.001}",5,0.4046031746031746,58,21,
4,L2,1,"{""lambda"": 0.01}",1,0.7266666666666666,31,21,
4,L2,1,"{""lambda"": 0.01}",2,0.41349206349206347,31,21,
4,L2,1,"{""lambda"": 0.01}",3,0.4746031746031746,34,21,
4,L2,1,"{""lambda"": 0.01}",4,0.6775757575757575,33,21,
4,L2,1,"{""lambda"": 0.01}",5,0.43555555555555553,35,21,
4,L2,2,"{""lambda"": 0.1}",1,0.8166666666666667,16,21,
4,L2,2,"{""lambda"": 0.1}",2,0.43,17,21,
4,L2,2,"{""lambda"": 0.1}",3,0.41349206349206347,17,21,
4,L2,2,"{""lambda"": 0.1}",4,0.7433333333333334,18,21,
4,L2,2,"{""lambda"": 0.1}",5,0.49111111111111116,17,21,
4,L2,3,"{""lambda"": 1.0}",1,0.8051948051948052,10,21,
4,L2,3,"{""lambda"": 1.0}",2,0.4634920634920635,10,21,
4,L2,3,"{""lambda"": 1.0}",3,0.41349206349206347,11,21,
4,L2,3,"{""lambda"": 1.0}",4,0.8999999999999999,11,21,
4,L2,3,"{""lambda"": 1.0}",5,0.5968253968253969,11,21,
4,L2,4,"{""lambda"": 10.0}",1,0.740909090909091,9,21,
4,L2,4,"{""lambda"": 10.0}",2,0.47777777777777775,9,21,
4,L2,4,"{""lambda"": 10.0}",3,0.43015873015873013,10,21,
4,L2,4,"{""lambda"": 10.0}",4,0.8599999999999999,9,21,
4,L2,4,"{""lambda"": 10.0}",5,0.6111111111111112,9,21,
4,Elastic Net,0,"{""lambda"": 0.001, ""l1_ratio"": 0.1}",1,0.7266666666666666,2640,21,
4,Elastic Net,0,"{""lambda"": 0.001, ""l1_ratio"": 0.1}",2,0.4034920634920635,2621,21,
4,Elastic Net,0,"{""lambda"": 0.001, ""l1_ratio"": 0.1}",3,0.4432900432900433,3159,21,
4,Elastic Net,0,"{""lambda"": 0.001, ""l1_ratio"": 0.1}",4,0.6385281385281385,1621,21,
4,Elastic Net,0,"{""lambda"": 0.001, ""l1_ratio"": 0.1}",5,0.4046031746031746,3766,21,
4,Elastic Net,1,"{""lambda"": 0.001, ""l1_ratio"": 0.5}",1,0.6266666666666666,2980,21,
4,Elastic Net,1,"{""lambda"": 0.001, ""l1_ratio"": 0.5}",2,0.4034920634920635,3719,21,
4,Elastic Net,1,"{""lambda"": 0.001, ""l1_ratio"": 0.5}",3,0.4432900432900433,3619,21,
4,Elastic Net,1,"{""lambda"": 0.001, ""l1_ratio"": 0.5}",4,0.6242424242424243,1599,20,
4,Elastic Net,1,"{""lambda"": 0.001, ""l1_ratio"": 0.5}",5,0.4046031746031746,4689,21,
4,Elastic Net,2,"{""lambda"": 0.001, ""l1_ratio"": 0.9}",1,0.6266666666666666,3545,21,
4,Elastic Net,2,"{""lambda"": 0.001, ""l1_ratio"": 0.9}",2,0.4034920634920635,7686,21,
4,Elastic Net,2,"{""lambda"": 0.001, ""l1_ratio"": 0.9}",3,0.42329004329004327,4329,21,
4,Elastic Net,2,"{""lambda"": 0.001, ""l1_ratio"": 0.9}",4,0.6242424242424243,1681,20,
4,Elastic Net,2,"{""lambda"": 0.001, ""l1_ratio"": 0.9}",5,0.4046031746031746,5992,20,
4,Elastic Net,3,"{""lambda"": 0.01, ""l1_ratio"": 0.1}",1,0.7266666666666666,861,21,
4,Elastic Net,3,"{""lambda"": 0.01, ""l1_ratio"": 0.1}",2,0.41349206349206347,438,20,
4,Elastic Net,3,"{""lambda"": 0.01, ""l1_ratio"": 0.1}",3,0.4746031746031746,935,20,
4,Elastic Net,3,"{""lambda"": 0.01, ""l1_ratio"": 0.1}",4,0.6866666666666665,721,19,
4,Elastic Net,3,"{""lambda"": 0.01, ""l1_ratio"": 0.1}",5,0.43555555555555553,740,21,
4,Elastic Net,4,"{""lambda"": 0.01, ""l1_ratio"": 0.5}",1,0.7933333333333332,1154,19,
4,Elastic Net,4,"{""lambda"": 0.01, ""l1_ratio"": 0.5}",2,0.41349206349206347,472,18,
4,Elastic Net,4,"{""lambda"": 0.01, ""l1_ratio"": 0.5}",3,0.45460317460317456,1233,15,
4,Elastic Net,4,"{""lambda"": 0.01, ""l1_ratio"": 0.5}",4,0.6676190476190476,737,18,
4,Elastic Net,4,"{""lambda"": 0.01, ""l1_ratio"": 0.5}",5,0.4688888888888889,994,20,
4,Elastic Net,5,"{""lambda"": 0.01, ""l1_ratio"": 0.9}",1,0.7933333333333332,1621,17,
4,Elastic Net,5,"{""lambda"": 0.01, ""l1_ratio"": 0.9}",2,0.41349206349206347,476,14,
4,Elastic Net,5,"{""lambda"": 0.01, ""l1_ratio"": 0.9}",3,0.45460317460317456,1876,13,
4,Elastic Net,5,"{""lambda"": 0.01, ""l1_ratio"": 0.9}",4,0.7142857142857142,770,16,
4,Elastic Net,5,"{""lambda"": 0.01, ""l1_ratio"": 0.9}",5,0.4688888888888889,1648,19,
4,Elastic Net,6,"{""lambda"": 0.1, ""l1_ratio"": 0.1}",1,0.8166666666666667,143,18,
4,Elastic Net,6,"{""lambda"": 0.1, ""l1_ratio"": 0.1}",2,0.5311111111111111,84,17,
4,Elastic Net,6,"{""lambda"": 0.1, ""l1_ratio"": 0.1}",3,0.42682539682539683,143,14,
4,Elastic Net,6,"{""lambda"": 0.1, ""l1_ratio"": 0.1}",4,0.81,154,21,
4,Elastic Net,6,"{""lambda"": 0.1, ""l1_ratio"": 0.1}",5,0.49111111111111116,151,19,
4,Elastic Net,7,"{""lambda"": 0.1, ""l1_ratio"": 0.5}",1,0.7642857142857142,186,8,
4,Elastic Net,7,"{""lambda"": 0.1, ""l1_ratio"": 0.5}",2,0.5342857142857143,86,7,
4,Elastic Net,7,"{""lambda"": 0.1, ""l1_ratio"": 0.5}",3,0.49206349206349204,203,10,
4,Elastic Net,7,"{""lambda"": 0.1, ""l1_ratio"": 0.5}",4,0.8211111111111111,105,6,
4,Elastic Net,7,"{""lambda"": 0.1, ""l1_ratio"": 0.5}",5,0.5768253968253969,192,9,
4,Elastic Net,8,"{""lambda"": 0.1, ""l1_ratio"": 0.9}",1,0.6342857142857143,87,2,
4,Elastic Net,8,"{""lambda"": 0.1, ""l1_ratio"": 0.9}",2,0.5342857142857143,82,5,
4,Elastic Net,8,"{""lambda"": 0.1, ""l1_ratio"": 0.9}",3,0.7644444444444445,166,4,
4,Elastic Net,8,"{""lambda"": 0.1, ""l1_ratio"": 0.9}",4,0.8711111111111112,82,3,
4,Elastic Net,8,"{""lambda"": 0.1, ""l1_ratio"": 0.9}",5,0.6311111111111112,106,3,
4,Elastic Net,9,"{""lambda"": 1.0, ""l1_ratio"": 0.1}",1,0.5088888888888888,84,6,
4,Elastic Net,9,"{""lambda"": 1.0, ""l1_ratio"": 0.1}",2,0.4918614718614718,50,8,
4,Elastic Net,9,"{""lambda"": 1.0, ""l1_ratio"": 0.1}",3,0.6783333333333332,87,7,
4,Elastic Net,9,"{""lambda"": 1.0, ""l1_ratio"": 0.1}",4,0.7944444444444445,86,2,
4,Elastic Net,9,"{""lambda"": 1.0, ""l1_ratio"": 0.1}",5,0.6311111111111112,88,6,
4,Elastic Net,10,"{""lambda"": 1.0, ""l1_ratio"": 0.5}",1,0.4166666666666667,3,0,
4,Elastic Net,10,"{""lambda"": 1.0, ""l1_ratio"": 0.5}",2,0.4166666666666667,3,0,
4,Elastic Net,10,"{""lambda"": 1.0, ""l1_ratio"": 0.5}",3,0.45454545454545453,1,0,
4,Elastic Net,10,"{""lambda"": 1.0, ""l1_ratio"": 0.5}",4,0.45454545454545453,1,0,
4,Elastic Net,10,"{""lambda"": 1.0, ""l1_ratio"": 0.5}",5,0.45454545454545453,1,0,
4,Elastic Net,11,"{""lambda"": 1.0, ""l1_ratio"": 0.9}",1,0.4166666666666667,1,0,
4,Elastic Net,11,"{""lambda"": 1.0, ""l1_ratio"": 0.9}",2,0.4166666666666667,1,0,
4,Elastic Net,11,"{""lambda"": 1.0, ""l1_ratio"": 0.9}",3,0.45454545454545453,1,0,
4,Elastic Net,11,"{""lambda"": 1.0, ""l1_ratio"": 0.9}",4,0.45454545454545453,1,0,
4,Elastic Net,11,"{""lambda"": 1.0, ""l1_ratio"": 0.9}",5,0.45454545454545453,1,0,
4,Elastic Net,12,"{""lambda"": 10.0, ""l1_ratio"": 0.1}",1,0.4166666666666667,1,0,
4,Elastic Net,12,"{""lambda"": 10.0, ""l1_ratio"": 0.1}",2,0.4166666666666667,1,0,
4,Elastic Net,12,"{""lambda"": 10.0, ""l1_ratio"": 0.1}",3,0.45454545454545453,1,0,
4,Elastic Net,12,"{""lambda"": 10.0, ""l1_ratio"": 0.1}",4,0.45454545454545453,1,0,
4,Elastic Net,12,"{""lambda"": 10.0, ""l1_ratio"": 0.1}",5,0.45454545454545453,1,0,
4,Elastic Net,13,"{""lambda"": 10.0, ""l1_ratio"": 0.5}",1,0.4166666666666667,1,0,
4,Elastic Net,13,"{""lambda"": 10.0, ""l1_ratio"": 0.5}",2,0.4166666666666667,1,0,
4,Elastic Net,13,"{""lambda"": 10.0, ""l1_ratio"": 0.5}",3,0.45454545454545453,1,0,
4,Elastic Net,13,"{""lambda"": 10.0, ""l1_ratio"": 0.5}",4,0.45454545454545453,1,0,
4,Elastic Net,13,"{""lambda"": 10.0, ""l1_ratio"": 0.5}",5,0.45454545454545453,1,0,
4,Elastic Net,14,"{""lambda"": 10.0, ""l1_ratio"": 0.9}",1,0.4166666666666667,1,0,
4,Elastic Net,14,"{""lambda"": 10.0, ""l1_ratio"": 0.9}",2,0.4166666666666667,1,0,
4,Elastic Net,14,"{""lambda"": 10.0, ""l1_ratio"": 0.9}",3,0.45454545454545453,1,0,
4,Elastic Net,14,"{""lambda"": 10.0, ""l1_ratio"": 0.9}",4,0.45454545454545453,1,0,
4,Elastic Net,14,"{""lambda"": 10.0, ""l1_ratio"": 0.9}",5,0.45454545454545453,1,0,
4,SVM,0,"{""C"": 0.01, ""gamma"": ""scale""}",1,0.5009523809523809,25,21,
4,SVM,0,"{""C"": 0.01, ""gamma"": ""scale""}",2,0.6311111111111112,29,21,
4,SVM,0,"{""C"": 0.01, ""gamma"": ""scale""}",3,0.44666666666666666,27,21,
4,SVM,0,"{""C"": 0.01, ""gamma"": ""scale""}",4,0.6644444444444444,26,21,
4,SVM,0,"{""C"": 0.01, ""gamma"": ""scale""}",5,0.49682539682539684,29,21,
4,SVM,1,"{""C"": 0.01, ""gamma"": 0.01}",1,0.6909090909090909,21,21,
4,SVM,1,"{""C"": 0.01, ""gamma"": 0.01}",2,0.45479797979797976,24,21,
4,SVM,1,"{""C"": 0.01, ""gamma"": 0.01}",3,0.41349206349206347,24,21,
4,SVM,1,"{""C"": 0.01, ""gamma"": 0.01}",4,0.6866666666666665,23,21,
4,SVM,1,"{""C"": 0.01, ""gamma"": 0.01}",5,0.49682539682539684,23,21,
4,SVM,2,"{""C"": 0.01, ""gamma"": 0.1}",1,0.5033333333333333,34,21,
4,SVM,2,"{""C"": 0.01, ""gamma"": 0.1}",2,0.7544444444444445,35,21,
4,SVM,2,"{""C"": 0.01, ""gamma"": 0.1}",3,0.4664646464646464,34,21,
4,SVM,2,"{""C"": 0.01, ""gamma"": 0.1}",4,0.6192857142857142,37,21,
4,SVM,2,"{""C"": 0.01, ""gamma"": 0.1}",5,0.5111111111111111,37,21,
4,SVM,3,"{""C"": 0.1, ""gamma"": ""scale""}",1,0.5009523809523809,29,21,
4,SVM,3,"{""C"": 0.1, ""gamma"": ""scale""}",2,0.5968253968253969,34,21,
4,SVM,3,"{""C"": 0.1, ""gamma"": ""scale""}",3,0.44666666666666666,34,21,
4,SVM,3,"{""C"": 0.1, ""gamma"": ""scale""}",4,0.6644444444444444,34,21,
4,SVM,3,"{""C"": 0.1, ""gamma"": ""scale""}",5,0.49682539682539684,37,21,
4,SVM,4,"{""C"": 0.1, ""gamma"": 0.01}",1,0.6909090909090909,23,21,
4,SVM,4,"{""C"": 0.1, ""gamma"": 0.01}",2,0.45479797979797976,27,21,
4,SVM,4,"{""C"": 0.1, ""gamma"": 0.01}",3,0.41349206349206347,28,21,
4,SVM,4,"{""C"": 0.1, ""gamma"": 0.01}",4,0.7277777777777779,29,21,
4,SVM,4,"{""C"": 0.1, ""gamma"": 0.01}",5,0.49682539682539684,26,21,
4,SVM,5,"{""C"": 0.1, ""gamma"": 0.1}",1,0.5033333333333333,40,21,
4,SVM,5,"{""C"": 0.1, ""gamma"": 0.1}",2,0.7544444444444445,45,21,
4,SVM,5,"{""C"": 0.1, ""gamma"": 0.1}",3,0.4664646464646464,45,21,
4,SVM,5,"{""C"": 0.1, ""gamma"": 0.1}",4,0.6192857142857142,46,21,
4,SVM,5,"{""C"": 0.1, ""gamma"": 0.1}",5,0.5111111111111111,46,21,
4,SVM,6,"{""C"": 1.0, ""gamma"": ""scale""}",1,0.4918614718614718,40,21,
4,SVM,6,"{""C"": 1.0, ""gamma"": ""scale""}",2,0.6644444444444444,51,21,
4,SVM,6,"{""C"": 1.0, ""gamma"": ""scale""}",3,0.48666666666666664,43,21,
4,SVM,6,"{""C"": 1.0, ""gamma"": ""scale""}",4,0.6644444444444444,48,21,
4,SVM,6,"{""C"": 1.0, ""gamma"": ""scale""}",5,0.49682539682539684,49,21,
4,SVM,7,"{""C"": 1.0, ""gamma"": 0.01}",1,0.6909090909090909,25,21,
4,SVM,7,"{""C"": 1.0, ""gamma"": 0.01}",2,0.45479797979797976,28,21,
4,SVM,7,"{""C"": 1.0, ""gamma"": 0.01}",3,0.41349206349206347,31,21,
4,SVM,7,"{""C"": 1.0, ""gamma"": 0.01}",4,0.7277777777777779,37,21,
4,SVM,7,"{""C"": 1.0, ""gamma"": 0.01}",5,0.49682539682539684,29,21,
4,SVM,8,"{""C"": 1.0, ""gamma"": 0.1}",1,0.5033333333333333,56,21,
4,SVM,8,"{""C"": 1.0, ""gamma"": 0.1}",2,0.7544444444444445,60,21,
4,SVM,8,"{""C"": 1.0, ""gamma"": 0.1}",3,0.4664646464646464,53,21,
4,SVM,8,"{""C"": 1.0, ""gamma"": 0.1}",4,0.6192857142857142,60,21,
4,SVM,8,"{""C"": 1.0, ""gamma"": 0.1}",5,0.5111111111111111,61,21,
4,SVM,9,"{""C"": 10.0, ""gamma"": ""scale""}",1,0.5033333333333333,133,21,
4,SVM,9,"{""C"": 10.0, ""gamma"": ""scale""}",2,0.7833333333333332,114,21,
4,SVM,9,"{""C"": 10.0, ""gamma"": ""scale""}",3,0.4575757575757575,134,21,
4,SVM,9,"{""C"": 10.0, ""gamma"": ""scale""}",4,0.5644444444444444,139,21,
4,SVM,9,"{""C"": 10.0, ""gamma"": ""scale""}",5,0.4720634920634921,140,21,
4,SVM,10,"{""C"": 10.0, ""gamma"": 0.01}",1,0.8509090909090908,129,21,
4,SVM,10,"{""C"": 10.0, ""gamma"": 0.01}",2,0.4851948051948052,122,21,
4,SVM,10,"{""C"": 10.0, ""gamma"": 0.01}",3,0.4746031746031746,160,21,
4,SVM,10,"{""C"": 10.0, ""gamma"": 0.01}",4,0.6075757575757575,151,21,
4,SVM,10,"{""C"": 10.0, ""gamma"": 0.01}",5,0.5657142857142857,133,21,
4,SVM,11,"{""C"": 10.0, ""gamma"": 0.1}",1,0.5033333333333333,90,21,
4,SVM,11,"{""C"": 10.0, ""gamma"": 0.1}",2,0.7433333333333334,95,21,
4,SVM,11,"{""C"": 10.0, ""gamma"": 0.1}",3,0.3866233766233766,96,21,
4,SVM,11,"{""C"": 10.0, ""gamma"": 0.1}",4,0.5392857142857143,93,21,
4,SVM,11,"{""C"": 10.0, ""gamma"": 0.1}",5,0.5392857142857143,95,21,
4,SVM,12,"{""C"": 100.0, ""gamma"": ""scale""}",1,0.5033333333333333,133,21,
4,SVM,12,"{""C"": 100.0, ""gamma"": ""scale""}",2,0.7833333333333332,114,21,
4,SVM,12,"{""C"": 100.0, ""gamma"": ""scale""}",3,0.4575757575757575,134,21,
4,SVM,12,"{""C"": 100.0, ""gamma"": ""scale""}",4,0.5644444444444444,139,21,
4,SVM,12,"{""C"": 100.0, ""gamma"": ""scale""}",5,0.4720634920634921,140,21,
4,SVM,13,"{""C"": 100.0, ""gamma"": 0.01}",1,0.8166666666666667,345,21,
4,SVM,13,"{""C"": 100.0, ""gamma"": 0.01}",2,0.5857142857142856,403,21,
4,SVM,13,"{""C"": 100.0, ""gamma"": 0.01}",3,0.49884559884559876,496,21,
4,SVM,13,"{""C"": 100.0, ""gamma"": 0.01}",4,0.49186147186147183,478,21,
4,SVM,13,"{""C"": 100.0, ""gamma"": 0.01}",5,0.3923809523809524,397,21,
4,SVM,14,"{""C"": 100.0, ""gamma"": 0.1}",1,0.5033333333333333,90,21,
4,SVM,14,"{""C"": 100.0, ""gamma"": 0.1}",2,0.7433333333333334,95,21,
4,SVM,14,"{""C"": 100.0, ""gamma"": 0.1}",3,0.3866233766233766,96,21,
4,SVM,14,"{""C"": 100.0, ""gamma"": 0.1}",4,0.5392857142857143,93,21,
4,SVM,14,"{""C"": 100.0, ""gamma"": 0.1}",5,0.5392857142857143,95,21,
5,Monotonic,0,"{""lambda"": 0.001}",1,0.7783333333333333,30,15,0.0
5,Monotonic,0,"{""lambda"": 0.001}",2,0.6722222222222223,37,16,0.0
5,Monotonic,0,"{""lambda"": 0.001}",3,0.7833333333333332,39,15,0.0
5,Monotonic,0,"{""lambda"": 0.001}",4,0.4553968253968254,43,16,0.0
5,Monotonic,0,"{""lambda"": 0.001}",5,0.6866666666666665,31,13,0.0
5,Monotonic,1,"{""lambda"": 0.01}",1,0.7116666666666667,28,17,0.0
5,Monotonic,1,"{""lambda"": 0.01}",2,0.6666666666666667,27,16,0.0
5,Monotonic,1,"{""lambda"": 0.01}",3,0.7644444444444445,27,16,0.0
5,Monotonic,1,"{""lambda"": 0.01}",4,0.4851948051948052,26,16,0.0
5,Monotonic,1,"{""lambda"": 0.01}",5,0.7087301587301587,29,16,0.0
5,Monotonic,2,"{""lambda"": 0.1}",1,0.7277777777777779,15,19,0.0
5,Monotonic,2,"{""lambda"": 0.1}",2,0.7551948051948052,14,17,0.0
5,Monotonic,2,"{""lambda"": 0.1}",3,0.8444444444444443,14,16,0.0
5,Monotonic,2,"{""lambda"": 0.1}",4,0.47090909090909094,16,19,0.0
5,Monotonic,2,"{""lambda"": 0.1}",5,0.7753968253968253,16,17,0.0
5,Monotonic,3,"{""lambda"": 1.0}",1,0.6976190476190476,10,20,0.0
5,Monotonic,3,"{""lambda"": 1.0}",2,0.8142857142857143,12,19,0.0
5,Monotonic,3,"{""lambda"": 1.0}",3,0.8711111111111112,12,18,0.0
5,Monotonic,3,"{""lambda"": 1.0}",4,0.5422222222222222,12,20,0.0
5,Monotonic,3,"{""lambda"": 1.0}",5,0.7783333333333333,12,19,0.0
5,Monotonic,4,"{""lambda"": 10.0}",1,0.6976190476190476,10,20,0.0
5,Monotonic,4,"{""lambda"": 10.0}",2,0.8599999999999999,10,19,0.0
5,Monotonic,4,"{""lambda"": 10.0}",3,0.911111111111111,10,18,0.0
5,Monotonic,4,"{""lambda"": 10.0}",4,0.5079365079365079,10,20,0.0
5,Monotonic,4,"{""lambda"": 10.0}",5,0.7783333333333333,9,19,0.0
5,L2,0,"{""lambda"": 0.001}",1,0.6416666666666666,63,21,
5,L2,0,"{""lambda"": 0.001}",2,0.6542424242424243,73,21,
5,L2,0,"{""lambda"": 0.001}",3,0.7595238095238095,65,21,
5,L2,0,"{""lambda"": 0.001}",4,0.43,56,21,
5,L2,0,"{""lambda"": 0.001}",5,0.6433333333333333,79,21,
5,L2,1,"{""lambda"": 0.01}",1,0.7416666666666667,34,21,
5,L2,1,"{""lambda"": 0.01}",2,0.7133333333333334,37,21,
5,L2,1,"{""lambda"": 0.01}",3,0.7295238095238095,35,21,
5,L2,1,"{""lambda"": 0.01}",4,0.4553968253968254,31,21,
5,L2,1,"{""lambda"": 0.01}",5,0.7433333333333334,38,21,
5,L2,2,"{""lambda"": 0.1}",1,0.7166666666666666,16,21,
5,L2,2,"{""lambda"": 0.1}",2,0.7476190476190476,17,21,
5,L2,2,"{""lambda"": 0.1}",3,0.8083333333333333,17,21,
5,L2,2,"{""lambda"": 0.1}",4,0.48,16,21,
5,L2,2,"{""lambda"": 0.1}",5,0.8253968253968254,16,21,
5,L2,3,"{""lambda"": 1.0}",1,0.6976190476190476,11,21,
5,L2,3,"{""lambda"": 1.0}",2,0.8142857142857143,11,21,
5,L2,3,"{""lambda"": 1.0}",3,0.8711111111111112,10,21,
5,L2,3,"{""lambda"": 1.0}",4,0.5079365079365079,11,21,
5,L2,3,"{""lambda"": 1.0}",5,0.8444444444444443,11,21,
5,L2,4,"{""lambda"": 10.0}",1,0.6976190476190476,10,21,
5,L2,4,"{""lambda"": 10.0}",2,0.8599999999999999,10,21,
5,L2,4,"{""lambda"": 10.0}",3,0.925,10,21,
5,L2,4,"{""lambda"": 10.0}",4,0.607936507936508,10,21,
5,L2,4,"{""lambda"": 10.0}",5,0.8583333333333332,9,21,
5,Elastic Net,0,"{""lambda"": 0.001, ""l1_ratio"": 0.1}",1,0.6416666666666666,4281,21,
5,Elastic Net,0,"{""lambda"": 0.001, ""l1_ratio"": 0.1}",2,0.6542424242424243,6780,21,
5,Elastic Net,0,"{""lambda"": 0.001, ""l1_ratio"": 0.1}",3,0.7595238095238095,5091,21,
5,Elastic Net,0,"{""lambda"": 0.001, ""l1_ratio"": 0.1}",4,0.43,4315,20,
5,Elastic Net,0,"{""lambda"": 0.001, ""l1_ratio"": 0.1}",5,0.6433333333333333,6204,21,
5,Elastic Net,1,"{""lambda"": 0.001, ""l1_ratio"": 0.5}",1,0.6416666666666666,6218,21,
5,Elastic Net,1,"{""lambda"": 0.001, ""l1_ratio"": 0.5}",2,0.6542424242424243,9552,21,
5,Elastic Net,1,"{""lambda"": 0.001, ""l1_ratio"": 0.5}",3,0.7595238095238095,7308,21,
5,Elastic Net,1,"{""lambda"": 0.001, ""l1_ratio"": 0.5}",4,0.43,5809,20,
5,Elastic Net,1,"{""lambda"": 0.001, ""l1_ratio"": 0.5}",5,0.6433333333333333,9860,19,
5,Elastic Net,2,"{""lambda"": 0.001, ""l1_ratio"": 0.9}",1,0.6416666666666666,17069,21,
5,Elastic Net,2,"{""lambda"": 0.001, ""l1_ratio"": 0.9}",2,0.6542424242424243,24328,20,
5,Elastic Net,2,"{""lambda"": 0.001, ""l1_ratio"": 0.9}",3,0.7595238095238095,16973,21,
5,Elastic Net,2,"{""lambda"": 0.001, ""l1_ratio"": 0.9}",4,0.43,12664,20,
5,Elastic Net,2,"{""lambda"": 0.001, ""l1_ratio"": 0.9}",5,0.6166666666666666,24482,19,
5,Elastic Net,3,"{""lambda"": 0.01, ""l1_ratio"": 0.1}",1,0.7416666666666667,707,21,
5,Elastic Net,3,"{""lambda"": 0.01, ""l1_ratio"": 0.1}",2,0.7133333333333334,1005,21,
5,Elastic Net,3,"{""lambda"": 0.01, ""l1_ratio"": 0.1}",3,0.7295238095238095,945,21,
5,Elastic Net,3,"{""lambda"": 0.01, ""l1_ratio"": 0.1}",4,0.4553968253968254,925,21,
5,Elastic Net,3,"{""lambda"": 0.01, ""l1_ratio"": 0.1}",5,0.7433333333333334,925,20,
5,Elastic Net,4,"{""lambda"": 0.01, ""l1_ratio"": 0.5}",1,0.7277777777777779,775,19,
5,Elastic Net,4,"{""lambda"": 0.01, ""l1_ratio"": 0.5}",2,0.706060606060606,1409,19,
5,Elastic Net,4,"{""lambda"": 0.01, ""l1_ratio"": 0.5}",3,0.7295238095238095,1348,20,
5,Elastic Net,4,"{""lambda"": 0.01, ""l1_ratio"": 0.5}",4,0.4553968253968254,1099,19,
5,Elastic Net,4,"{""lambda"": 0.01, ""l1_ratio"": 0.5}",5,0.6433333333333333,1362,17,
5,Elastic Net,5,"{""lambda"": 0.01, ""l1_ratio"": 0.9}",1,0.7416666666666667,1015,18,
5,Elastic Net,5,"{""lambda"": 0.01, ""l1_ratio"": 0.9}",2,0.7209090909090909,2685,19,
5,Elastic Net,5,"{""lambda"": 0.01, ""l1_ratio"": 0.9}",3,0.6926190476190477,2569,18,
5,Elastic Net,5,"{""lambda"": 0.01, ""l1_ratio"": 0.9}",4,0.46095238095238095,1697,17,
5,Elastic Net,5,"{""lambda"": 0.01, ""l1_ratio"": 0.9}",5,0.6433333333333333,2757,15,
5,Elastic Net,6,"{""lambda"": 0.1, ""l1_ratio"": 0.1}",1,0.7166666666666666,124,20,
5,Elastic Net,6,"{""lambda"": 0.1, ""l1_ratio"": 0.1}",2,0.7909090909090908,145,18,
5,Elastic Net,6,"{""lambda"": 0.1, ""l1_ratio"": 0.1}",3,0.8083333333333333,132,18,
5,Elastic Net,6,"{""lambda"": 0.1, ""l1_ratio"": 0.1}",4,0.5,140,16,
5,Elastic Net,6,"{""lambda"": 0.1, ""l1_ratio"": 0.1}",5,0.8253968253968254,131,18,
5,Elastic Net,7,"{""lambda"": 0.1, ""l1_ratio"": 0.5}",1,0.6166666666666666,107,8,
5,Elastic Net,7,"{""lambda"": 0.1, ""l1_ratio"": 0.5}",2,0.7976190476190477,162,11,
5,Elastic Net,7,"{""lambda"": 0.1, ""l1_ratio"": 0.5}",3,0.7544444444444445,177,11,
5,Elastic Net,7,"{""lambda"": 0.1, ""l1_ratio"": 0.5}",4,0.5079365079365079,177,11,
5,Elastic Net,7,"{""lambda"": 0.1, ""l1_ratio"": 0.5}",5,0.7392857142857143,171,11,
5,Elastic Net,8,"{""lambda"": 0.1, ""l1_ratio"": 0.9}",1,0.5833333333333333,193,5,
5,Elastic Net,8,"{""lambda"": 0.1, ""l1_ratio"": 0.9}",2,0.7833333333333332,147,5,
5,Elastic Net,8,"{""lambda"": 0.1, ""l1_ratio"": 0.9}",3,0.7683333333333333,222,7,
5,Elastic Net,8,"{""lambda"": 0.1, ""l1_ratio"": 0.9}",4,0.663888888888889,142,4,
5,Elastic Net,8,"{""lambda"": 0.1, ""l1_ratio"": 0.9}",5,0.6726190476190477,165,4,
5,Elastic Net,9,"{""lambda"": 1.0, ""l1_ratio"": 0.1}",1,0.6833333333333333,63,9,
5,Elastic Net,9,"{""lambda"": 1.0, ""l1_ratio"": 0.1}",2,0.8242424242424242,84,8,
5,Elastic Net,9,"{""lambda"": 1.0, ""l1_ratio"": 0.1}",3,0.7861904761904761,83,8,
5,Elastic Net,9,"{""lambda"": 1.0, ""l1_ratio"": 0.1}",4,0.5972222222222223,80,9,
5,Elastic Net,9,"{""lambda"": 1.0, ""l1_ratio"": 0.1}",5,0.6926190476190477,80,5,
5,Elastic Net,10,"{""lambda"": 1.0, ""l1_ratio"": 0.5}",1,0.4166666666666667,3,0,
5,Elastic Net,10,"{""lambda"": 1.0, ""l1_ratio"": 0.5}",2,0.4166666666666667,3,0,
5,Elastic Net,10,"{""lambda"": 1.0, ""l1_ratio"": 0.5}",3,0.45454545454545453,4,0,
5,Elastic Net,10,"{""lambda"": 1.0, ""l1_ratio"": 0.5}",4,0.45454545454545453,1,0,
5,Elastic Net,10,"{""lambda"": 1.0, ""l1_ratio"": 0.5}",5,0.45454545454545453,1,0,
5,Elastic Net,11,"{""lambda"": 1.0, ""l1_ratio"": 0.9}",1,0.4166666666666667,1,0,
5,Elastic Net,11,"{""lambda"": 1.0, ""l1_ratio"": 0.9}",2,0.4166666666666667,3,0,
5,Elastic Net,11,"{""lambda"": 1.0, ""l1_ratio"": 0.9}",3,0.45454545454545453,1,0,
5,Elastic Net,11,"{""lambda"": 1.0, ""l1_ratio"": 0.9}",4,0.45454545454545453,1,0,
5,Elastic Net,11,"{""lambda"": 1.0, ""l1_ratio"": 0.9}",5,0.45454545454545453,1,0,
5,Elastic Net,12,"{""lambda"": 10.0, ""l1_ratio"": 0.1}",1,0.4166666666666667,1,0,
5,Elastic Net,12,"{""lambda"": 10.0, ""l1_ratio"": 0.1}",2,0.4166666666666667,3,0,
5,Elastic Net,12,"{""lambda"": 10.0, ""l1_ratio"": 0.1}",3,0.45454545454545453,1,0,
5,Elastic Net,12,"{""lambda"": 10.0, ""l1_ratio"": 0.1}",4,0.45454545454545453,1,0,
5,Elastic Net,12,"{""lambda"": 10.0, ""l1_ratio"": 0.1}",5,0.45454545454545453,1,0,
5,Elastic Net,13,"{""lambda"": 10.0, ""l1_ratio"": 0.5}",1,0.4166666666666667,1,0,
5,Elastic Net,13,"{""lambda"": 10.0, ""l1_ratio"": 0.5}",2,0.4166666666666667,1,0,
5,Elastic Net,13,"{""lambda"": 10.0, ""l1_ratio"": 0.5}",3,0.45454545454545453,1,0,
5,Elastic Net,13,"{""lambda"": 10.0, ""l1_ratio"": 0.5}",4,0.45454545454545453,1,0,
5,Elastic Net,13,"{""lambda"": 10.0, ""l1_ratio"": 0.5}",5,0.45454545454545453,1,0,
5,Elastic Net,14,"{""lambda"": 10.0, ""l1_ratio"": 0.9}",1,0.4166666666666667,1,0,
5,Elastic Net,14,"{""lambda"": 10.0, ""l1_ratio"": 0.9}",2,0.4166666666666667,1,0,
5,Elastic Net,14,"{""lambda"": 10.0, ""l1_ratio"": 0.9}",3,0.45454545454545453,1,0,
5,Elastic Net,14,"{""lambda"": 10.0, ""l1_ratio"": 0.9}",4,0.45454545454545453,1,0,
5,Elastic Net,14,"{""lambda"": 10.0, ""l1_ratio"": 0.9}",5,0.45454545454545453,1,0,
5,SVM,0,"{""C"": 0.01, ""gamma"": ""scale""}",1,0.7797979797979797,23,21,
5,SVM,0,"{""C"": 0.01, ""gamma"": ""scale""}",2,0.7266666666666666,25,21,
5,SVM,0,"{""C"": 0.01, ""gamma"": ""scale""}",3,0.8392857142857142,27,21,
5,SVM,0,"{""C"": 0.01, ""gamma"": ""scale""}",4,0.6422222222222222,24,21,
5,SVM,0,"{""C"": 0.01, ""gamma"": ""scale""}",5,0.8333333333333333,28,21,
5,SVM,1,"{""C"": 0.01, ""gamma"": 0.01}",1,0.6742424242424243,20,21,
5,SVM,1,"{""C"": 0.01, ""gamma"": 0.01}",2,0.8444444444444443,21,21,
5,SVM,1,"{""C"": 0.01, ""gamma"": 0.01}",3,0.8583333333333332,22,21,
5,SVM,1,"{""C"": 0.01, ""gamma"": 0.01}",4,0.607936507936508,20,21,
5,SVM,1,"{""C"": 0.01, ""gamma"": 0.01}",5,0.8711111111111112,22,21,
5,SVM,2,"{""C"": 0.01, ""gamma"": 0.1}",1,0.7709090909090908,31,21,
5,SVM,2,"{""C"": 0.01, ""gamma"": 0.1}",2,0.7,31,21,
5,SVM,2,"{""C"": 0.01, ""gamma"": 0.1}",3,0.8142857142857143,33,21,
5,SVM,2,"{""C"": 0.01, ""gamma"": 0.1}",4,0.6722222222222223,33,21,
5,SVM,2,"{""C"": 0.01, ""gamma"": 0.1}",5,0.8509090909090908,32,21,
5,SVM,3,"{""C"": 0.1, ""gamma"": ""scale""}",1,0.7797979797979797,29,21,
5,SVM,3,"{""C"": 0.1, ""gamma"": ""scale""}",2,0.7266666666666666,26,21,
5,SVM,3,"{""C"": 0.1, ""gamma"": ""scale""}",3,0.8392857142857142,33,21,
5,SVM,3,"{""C"": 0.1, ""gamma"": ""scale""}",4,0.6422222222222222,29,21,
5,SVM,3,"{""C"": 0.1, ""gamma"": ""scale""}",5,0.8333333333333333,34,21,
5,SVM,4,"{""C"": 0.1, ""gamma"": 0.01}",1,0.6742424242424243,20,21,
5,SVM,4,"{""C"": 0.1, ""gamma"": 0.01}",2,0.8333333333333333,24,21,
5,SVM,4,"{""C"": 0.1, ""gamma"": 0.01}",3,0.8583333333333332,22,21,
5,SVM,4,"{""C"": 0.1, ""gamma"": 0.01}",4,0.607936507936508,20,21,
5,SVM,4,"{""C"": 0.1, ""gamma"": 0.01}",5,0.8711111111111112,26,21,
5,SVM,5,"{""C"": 0.1, ""gamma"": 0.1}",1,0.7633333333333332,40,21,
5,SVM,5,"{""C"": 0.1, ""gamma"": 0.1}",2,0.7,39,21,
5,SVM,5,"{""C"": 0.1, ""gamma"": 0.1}",3,0.8142857142857143,46,21,
5,SVM,5,"{""C"": 0.1, ""gamma"": 0.1}",4,0.6722222222222223,41,21,
5,SVM,5,"{""C"": 0.1, ""gamma"": 0.1}",5,0.8509090909090908,43,21,
5,SVM,6,"{""C"": 1.0, ""gamma"": ""scale""}",1,0.7797979797979797,50,21,
5,SVM,6,"{""C"": 1.0, ""gamma"": ""scale""}",2,0.7266666666666666,40,21,
5,SVM,6,"{""C"": 1.0, ""gamma"": ""scale""}",3,0.8392857142857142,50,21,
5,SVM,6,"{""C"": 1.0, ""gamma"": ""scale""}",4,0.6722222222222223,54,21,
5,SVM,6,"{""C"": 1.0, ""gamma"": ""scale""}",5,0.8599999999999999,56,21,
5,SVM,7,"{""C"": 1.0, ""gamma"": 0.01}",1,0.6885281385281385,34,21,
5,SVM,7,"{""C"": 1.0, ""gamma"": 0.01}",2,0.8333333333333333,29,21,
5,SVM,7,"{""C"": 1.0, ""gamma"": 0.01}",3,0.8583333333333332,24,21,
5,SVM,7,"{""C"": 1.0, ""gamma"": 0.01}",4,0.6222222222222222,34,21,
5,SVM,7,"{""C"": 1.0, ""gamma"": 0.01}",5,0.8711111111111112,34,21,
5,SVM,8,"{""C"": 1.0, ""gamma"": 0.1}",1,0.7633333333333332,59,21,
5,SVM,8,"{""C"": 1.0, ""gamma"": 0.1}",2,0.7266666666666666,60,21,
5,SVM,8,"{""C"": 1.0, ""gamma"": 0.1}",3,0.8142857142857143,70,21,
5,SVM,8,"{""C"": 1.0, ""gamma"": 0.1}",4,0.6722222222222223,62,21,
5,SVM,8,"{""C"": 1.0, ""gamma"": 0.1}",5,0.8509090909090908,64,21,
5,SVM,9,"{""C"": 10.0, ""gamma"": ""scale""}",1,0.7709090909090908,120,21,
5,SVM,9,"{""C"": 10.0, ""gamma"": ""scale""}",2,0.7888888888888888,140,21,
5,SVM,9,"{""C"": 10.0, ""gamma"": ""scale""}",3,0.835,124,21,
5,SVM,9,"{""C"": 10.0, ""gamma"": ""scale""}",4,0.6533333333333333,133,21,
5,SVM,9,"{""C"": 10.0, ""gamma"": ""scale""}",5,0.8333333333333333,147,21,
5,SVM,10,"{""C"": 10.0, ""gamma"": 0.01}",1,0.7277777777777779,143,21,
5,SVM,10,"{""C"": 10.0, ""gamma"": 0.01}",2,0.7551948051948052,105,21,
5,SVM,10,"{""C"": 10.0, ""gamma"": 0.01}",3,0.8083333333333333,98,21,
5,SVM,10,"{""C"": 10.0, ""gamma"": 0.01}",4,0.49090909090909085,193,21,
5,SVM,10,"{""C"": 10.0, ""gamma"": 0.01}",5,0.7442424242424241,121,21,
5,SVM,11,"{""C"": 10.0, ""gamma"": 0.1}",1,0.7633333333333332,89,21,
5,SVM,11,"{""C"": 10.0, ""gamma"": 0.1}",2,0.6833333333333333,96,21,
5,SVM,11,"{""C"": 10.0, ""gamma"": 0.1}",3,0.8242424242424242,93,21,
5,SVM,11,"{""C"": 10.0, ""gamma"": 0.1}",4,0.5833333333333333,94,21,
5,SVM,11,"{""C"": 10.0, ""gamma"": 0.1}",5,0.8999999999999999,93,21,
5,SVM,12,"{""C"": 100.0, ""gamma"": ""scale""}",1,0.7709090909090908,120,21,
5,SVM,12,"{""C"": 100.0, ""gamma"": ""scale""}",2,0.7888888888888888,140,21,
5,SVM,12,"{""C"": 100.0, ""gamma"": ""scale""}",3,0.835,124,21,
5,SVM,12,"{""C"": 100.0, ""gamma"": ""scale""}",4,0.6533333333333333,133,21,
5,SVM,12,"{""C"": 100.0, ""gamma"": ""scale""}",5,0.8333333333333333,147,21,
5,SVM,13,"{""C"": 100.0, ""gamma"": 0.01}",1,0.6453968253968254,275,21,
5,SVM,13,"{""C"": 100.0, ""gamma"": 0.01}",2,0.75,368,21,
5,SVM,13,"{""C"": 100.0, ""gamma"": 0.01}",3,0.8528571428571428,364,21,
5,SVM,13,"{""C"": 100.0, ""gamma"": 0.01}",4,0.49682539682539684,328,21,
5,SVM,13,"{""C"": 100.0, ""gamma"": 0.01}",5,0.7753968253968253,356,21,
5,SVM,14,"{""C"": 100.0, ""gamma"": 0.1}",1,0.7633333333333332,89,21,
5,SVM,14,"{""C"": 100.0, ""gamma"": 0.1}",2,0.6833333333333333,96,21,
5,SVM,14,"{""C"": 100.0, ""gamma"": 0.1}",3,0.8242424242424242,93,21,
5,SVM,14,"{""C"": 100.0, ""gamma"": 0.1}",4,0.5833333333333333,94,21,
5,SVM,14,"{""C"": 100.0, ""gamma"": 0.1}",5,0.8999999999999999,93,21,
