repeat,outer_fold,inner_fold,model,candidate,parameters,validation_ap,iterations,nonzero_features,violations
5,1,1,Monotonic,0,"{""lambda"": 0.001}",0.7833333333333332,30,16,0.0
5,1,2,Monotonic,0,"{""lambda"": 0.001}",0.44939393939393935,29,13,0.0
5,1,3,Monotonic,0,"{""lambda"": 0.001}",0.6587301587301588,28,14,0.0
5,1,4,Monotonic,0,"{""lambda"": 0.001}",0.6976190476190476,22,13,0.0
5,1,5,Monotonic,0,"{""lambda"": 0.001}",0.4303571428571428,29,15,0.0
5,1,1,Monotonic,1,"{""lambda"": 0.01}",0.8261904761904761,30,16,0.0
5,1,2,Monotonic,1,"{""lambda"": 0.01}",0.5493939393939393,24,14,0.0
5,1,3,Monotonic,1,"{""lambda"": 0.01}",0.6444444444444444,24,14,0.0
5,1,4,Monotonic,1,"{""lambda"": 0.01}",0.7753968253968253,19,13,0.0
5,1,5,Monotonic,1,"{""lambda"": 0.01}",0.4303571428571428,24,15,0.0
5,1,1,Monotonic,2,"{""lambda"": 0.1}",0.8528571428571428,16,19,0.0
5,1,2,Monotonic,2,"{""lambda"": 0.1}",0.6160606060606061,17,19,0.0
5,1,3,Monotonic,2,"{""lambda"": 0.1}",0.7253968253968255,14,16,0.0
5,1,4,Monotonic,2,"{""lambda"": 0.1}",0.8253968253968254,15,15,0.0
5,1,5,Monotonic,2,"{""lambda"": 0.1}",0.5595238095238095,16,19,0.0
5,1,1,Monotonic,3,"{""lambda"": 1.0}",0.7892857142857141,12,19,0.0
5,1,2,Monotonic,3,"{""lambda"": 1.0}",0.5643939393939394,12,19,0.0
5,1,3,Monotonic,3,"{""lambda"": 1.0}",0.7592857142857143,12,18,0.0
5,1,4,Monotonic,3,"{""lambda"": 1.0}",0.8583333333333332,12,18,0.0
5,1,5,Monotonic,3,"{""lambda"": 1.0}",0.7708333333333333,12,20,0.0
5,1,1,Monotonic,4,"{""lambda"": 10.0}",0.7592857142857143,10,21,0.0
5,1,2,Monotonic,4,"{""lambda"": 10.0}",0.5472222222222223,10,19,0.0
5,1,3,Monotonic,4,"{""lambda"": 10.0}",0.7116666666666667,10,19,0.0
5,1,4,Monotonic,4,"{""lambda"": 10.0}",0.8761904761904762,10,18,0.0
5,1,5,Monotonic,4,"{""lambda"": 10.0}",0.7708333333333333,10,20,0.0
5,1,1,L2,0,"{""lambda"": 0.001}",0.6433333333333333,58,21,
5,1,2,L2,0,"{""lambda"": 0.001}",0.4893939393939394,69,21,
5,1,3,L2,0,"{""lambda"": 0.001}",0.6053968253968254,65,21,
5,1,4,L2,0,"{""lambda"": 0.001}",0.5222222222222221,47,21,
5,1,5,L2,0,"{""lambda"": 0.001}",0.36408730158730157,65,21,
5,1,1,L2,1,"{""lambda"": 0.01}",0.6433333333333333,33,21,
5,1,2,L2,1,"{""lambda"": 0.01}",0.4960606060606061,35,21,
5,1,3,L2,1,"{""lambda"": 0.01}",0.5800000000000001,32,21,
5,1,4,L2,1,"{""lambda"": 0.01}",0.6722222222222223,33,21,
5,1,5,L2,1,"{""lambda"": 0.01}",0.4125,32,21,
5,1,1,L2,2,"{""lambda"": 0.1}",0.7683333333333333,17,21,
5,1,2,L2,2,"{""lambda"": 0.1}",0.5493939393939393,16,21,
5,1,3,L2,2,"{""lambda"": 0.1}",0.5942857142857143,16,21,
5,1,4,L2,2,"{""lambda"": 0.1}",0.8111111111111111,18,21,
5,1,5,L2,2,"{""lambda"": 0.1}",0.6083333333333333,17,21,
5,1,1,L2,3,"{""lambda"": 1.0}",0.7892857142857141,11,21,
5,1,2,L2,3,"{""lambda"": 1.0}",0.531060606060606,10,21,
5,1,3,L2,3,"{""lambda"": 1.0}",0.7592857142857143,11,21,
5,1,4,L2,3,"{""lambda"": 1.0}",0.8583333333333332,11,21,
5,1,5,L2,3,"{""lambda"": 1.0}",0.8041666666666667,11,21,
5,1,1,L2,4,"{""lambda"": 10.0}",0.7592857142857143,10,21,
5,1,2,L2,4,"{""lambda"": 10.0}",0.511060606060606,10,21,
5,1,3,L2,4,"{""lambda"": 10.0}",0.7592857142857143,10,21,
5,1,4,L2,4,"{""lambda"": 10.0}",0.8761904761904762,10,21,
5,1,5,L2,4,"{""lambda"": 10.0}",0.8041666666666667,10,21,
5,1,1,Elastic Net,0,"{""lambda"": 0.001, ""l1_ratio"": 0.1}",0.6433333333333333,2907,21,
5,1,2,Elastic Net,0,"{""lambda"": 0.001, ""l1_ratio"": 0.1}",0.4893939393939394,5295,20,
5,1,3,Elastic Net,0,"{""lambda"": 0.001, ""l1_ratio"": 0.1}",0.6053968253968254,5305,21,
5,1,4,Elastic Net,0,"{""lambda"": 0.001, ""l1_ratio"": 0.1}",0.5222222222222221,1681,21,
5,1,5,Elastic Net,0,"{""lambda"": 0.001, ""l1_ratio"": 0.1}",0.36408730158730157,3181,21,
5,1,1,Elastic Net,1,"{""lambda"": 0.001, ""l1_ratio"": 0.5}",0.6433333333333333,3366,20,
5,1,2,Elastic Net,1,"{""lambda"": 0.001, ""l1_ratio"": 0.5}",0.4893939393939394,9050,21,
5,1,3,Elastic Net,1,"{""lambda"": 0.001, ""l1_ratio"": 0.5}",0.6053968253968254,8356,21,
5,1,4,Elastic Net,1,"{""lambda"": 0.001, ""l1_ratio"": 0.5}",0.5222222222222221,1989,21,
5,1,5,Elastic Net,1,"{""lambda"": 0.001, ""l1_ratio"": 0.5}",0.36408730158730157,3673,21,
5,1,1,Elastic Net,2,"{""lambda"": 0.001, ""l1_ratio"": 0.9}",0.6433333333333333,4111,20,
5,1,2,Elastic Net,2,"{""lambda"": 0.001, ""l1_ratio"": 0.9}",0.4893939393939394,21286,19,
5,1,3,Elastic Net,2,"{""lambda"": 0.001, ""l1_ratio"": 0.9}",0.5942857142857143,26958,21,
5,1,4,Elastic Net,2,"{""lambda"": 0.001, ""l1_ratio"": 0.9}",0.5222222222222221,2515,21,
5,1,5,Elastic Net,2,"{""lambda"": 0.001, ""l1_ratio"": 0.9}",0.36408730158730157,4433,21,
5,1,1,Elastic Net,3,"{""lambda"": 0.01, ""l1_ratio"": 0.1}",0.6433333333333333,900,21,
5,1,2,Elastic Net,3,"{""lambda"": 0.01, ""l1_ratio"": 0.1}",0.4960606060606061,939,21,
5,1,3,Elastic Net,3,"{""lambda"": 0.01, ""l1_ratio"": 0.1}",0.5800000000000001,946,21,
5,1,4,Elastic Net,3,"{""lambda"": 0.01, ""l1_ratio"": 0.1}",0.6722222222222223,417,21,
5,1,5,Elastic Net,3,"{""lambda"": 0.01, ""l1_ratio"": 0.1}",0.4303571428571428,775,20,
5,1,1,Elastic Net,4,"{""lambda"": 0.01, ""l1_ratio"": 0.5}",0.6166666666666666,1140,16,
5,1,2,Elastic Net,4,"{""lambda"": 0.01, ""l1_ratio"": 0.5}",0.4960606060606061,1330,20,
5,1,3,Elastic Net,4,"{""lambda"": 0.01, ""l1_ratio"": 0.5}",0.5800000000000001,1240,18,
5,1,4,Elastic Net,4,"{""lambda"": 0.01, ""l1_ratio"": 0.5}",0.6833333333333333,393,19,
5,1,5,Elastic Net,4,"{""lambda"": 0.01, ""l1_ratio"": 0.5}",0.4511904761904762,851,18,
5,1,1,Elastic Net,5,"{""lambda"": 0.01, ""l1_ratio"": 0.9}",0.6277777777777778,1733,15,
5,1,2,Elastic Net,5,"{""lambda"": 0.01, ""l1_ratio"": 0.9}",0.5160606060606061,1271,15,
5,1,3,Elastic Net,5,"{""lambda"": 0.01, ""l1_ratio"": 0.9}",0.6053968253968254,2197,18,
5,1,4,Elastic Net,5,"{""lambda"": 0.01, ""l1_ratio"": 0.9}",0.75,436,16,
5,1,5,Elastic Net,5,"{""lambda"": 0.01, ""l1_ratio"": 0.9}",0.4511904761904762,560,15,
5,1,1,Elastic Net,6,"{""lambda"": 0.1, ""l1_ratio"": 0.1}",0.7783333333333333,139,18,
5,1,2,Elastic Net,6,"{""lambda"": 0.1, ""l1_ratio"": 0.1}",0.5493939393939393,155,21,
5,1,3,Elastic Net,6,"{""lambda"": 0.1, ""l1_ratio"": 0.1}",0.6053968253968254,134,17,
5,1,4,Elastic Net,6,"{""lambda"": 0.1, ""l1_ratio"": 0.1}",0.7611111111111111,88,17,
5,1,5,Elastic Net,6,"{""lambda"": 0.1, ""l1_ratio"": 0.1}",0.6083333333333333,148,19,
5,1,1,Elastic Net,7,"{""lambda"": 0.1, ""l1_ratio"": 0.5}",0.7253968253968255,170,7,
5,1,2,Elastic Net,7,"{""lambda"": 0.1, ""l1_ratio"": 0.5}",0.5493939393939393,119,7,
5,1,3,Elastic Net,7,"{""lambda"": 0.1, ""l1_ratio"": 0.5}",0.6253968253968254,177,9,
5,1,4,Elastic Net,7,"{""lambda"": 0.1, ""l1_ratio"": 0.5}",0.7166666666666666,95,9,
5,1,5,Elastic Net,7,"{""lambda"": 0.1, ""l1_ratio"": 0.5}",0.8041666666666667,194,12,
5,1,1,Elastic Net,8,"{""lambda"": 0.1, ""l1_ratio"": 0.9}",0.7087301587301587,128,3,
5,1,2,Elastic Net,8,"{""lambda"": 0.1, ""l1_ratio"": 0.9}",0.4459090909090909,133,4,
5,1,3,Elastic Net,8,"{""lambda"": 0.1, ""l1_ratio"": 0.9}",0.8253968253968254,191,4,
5,1,4,Elastic Net,8,"{""lambda"": 0.1, ""l1_ratio"": 0.9}",0.7544444444444445,59,5,
5,1,5,Elastic Net,8,"{""lambda"": 0.1, ""l1_ratio"": 0.9}",0.9166666666666666,108,3,
5,1,1,Elastic Net,9,"{""lambda"": 1.0, ""l1_ratio"": 0.1}",0.7453968253968253,85,6,
5,1,2,Elastic Net,9,"{""lambda"": 1.0, ""l1_ratio"": 0.1}",0.45479797979797976,83,9,
5,1,3,Elastic Net,9,"{""lambda"": 1.0, ""l1_ratio"": 0.1}",0.7416666666666667,80,8,
5,1,4,Elastic Net,9,"{""lambda"": 1.0, ""l1_ratio"": 0.1}",0.8261904761904761,51,6,
5,1,5,Elastic Net,9,"{""lambda"": 1.0, ""l1_ratio"": 0.1}",0.9166666666666666,84,8,
5,1,1,Elastic Net,10,"{""lambda"": 1.0, ""l1_ratio"": 0.5}",0.4166666666666667,3,0,
5,1,2,Elastic Net,10,"{""lambda"": 1.0, ""l1_ratio"": 0.5}",0.4166666666666667,3,0,
5,1,3,Elastic Net,10,"{""lambda"": 1.0, ""l1_ratio"": 0.5}",0.45454545454545453,3,0,
5,1,4,Elastic Net,10,"{""lambda"": 1.0, ""l1_ratio"": 0.5}",0.45454545454545453,3,0,
5,1,5,Elastic Net,10,"{""lambda"": 1.0, ""l1_ratio"": 0.5}",0.4,1,0,
5,1,1,Elastic Net,11,"{""lambda"": 1.0, ""l1_ratio"": 0.9}",0.4166666666666667,1,0,
5,1,2,Elastic Net,11,"{""lambda"": 1.0, ""l1_ratio"": 0.9}",0.4166666666666667,1,0,
5,1,3,Elastic Net,11,"{""lambda"": 1.0, ""l1_ratio"": 0.9}",0.45454545454545453,3,0,
5,1,4,Elastic Net,11,"{""lambda"": 1.0, ""l1_ratio"": 0.9}",0.45454545454545453,1,0,
5,1,5,Elastic Net,11,"{""lambda"": 1.0, ""l1_ratio"": 0.9}",0.4,1,0,
5,1,1,Elastic Net,12,"{""lambda"": 10.0, ""l1_ratio"": 0.1}",0.4166666666666667,1,0,
5,1,2,Elastic Net,12,"{""lambda"": 10.0, ""l1_ratio"": 0.1}",0.4166666666666667,1,0,
5,1,3,Elastic Net,12,"{""lambda"": 10.0, ""l1_ratio"": 0.1}",0.45454545454545453,3,0,
5,1,4,Elastic Net,12,"{""lambda"": 10.0, ""l1_ratio"": 0.1}",0.45454545454545453,1,0,
5,1,5,Elastic Net,12,"{""lambda"": 10.0, ""l1_ratio"": 0.1}",0.4,1,0,
5,1,1,Elastic Net,13,"{""lambda"": 10.0, ""l1_ratio"": 0.5}",0.4166666666666667,1,0,
5,1,2,Elastic Net,13,"{""lambda"": 10.0, ""l1_ratio"": 0.5}",0.4166666666666667,1,0,
5,1,3,Elastic Net,13,"{""lambda"": 10.0, ""l1_ratio"": 0.5}",0.45454545454545453,1,0,
5,1,4,Elastic Net,13,"{""lambda"": 10.0, ""l1_ratio"": 0.5}",0.45454545454545453,1,0,
5,1,5,Elastic Net,13,"{""lambda"": 10.0, ""l1_ratio"": 0.5}",0.4,1,0,
5,1,1,Elastic Net,14,"{""lambda"": 10.0, ""l1_ratio"": 0.9}",0.4166666666666667,1,0,
5,1,2,Elastic Net,14,"{""lambda"": 10.0, ""l1_ratio"": 0.9}",0.4166666666666667,1,0,
5,1,3,Elastic Net,14,"{""lambda"": 10.0, ""l1_ratio"": 0.9}",0.45454545454545453,1,0,
5,1,4,Elastic Net,14,"{""lambda"": 10.0, ""l1_ratio"": 0.9}",0.45454545454545453,1,0,
5,1,5,Elastic Net,14,"{""lambda"": 10.0, ""l1_ratio"": 0.9}",0.4,1,0,
5,1,1,SVM,0,"{""C"": 0.01, ""gamma"": ""scale""}",0.7433333333333334,30,21,
5,1,2,SVM,0,"{""C"": 0.01, ""gamma"": ""scale""}",0.3893939393939394,25,21,
5,1,3,SVM,0,"{""C"": 0.01, ""gamma"": ""scale""}",0.5597979797979797,27,21,
5,1,4,SVM,0,"{""C"": 0.01, ""gamma"": ""scale""}",0.7888888888888888,26,21,
5,1,5,SVM,0,"{""C"": 0.01, ""gamma"": ""scale""}",0.6428571428571428,28,21,
5,1,1,SVM,1,"{""C"": 0.01, ""gamma"": 0.01}",0.835,21,21,
5,1,2,SVM,1,"{""C"": 0.01, ""gamma"": 0.01}",0.46439393939393936,23,21,
5,1,3,SVM,1,"{""C"": 0.01, ""gamma"": 0.01}",0.7342857142857142,21,21,
5,1,4,SVM,1,"{""C"": 0.01, ""gamma"": 0.01}",0.7888888888888888,21,21,
5,1,5,SVM,1,"{""C"": 0.01, ""gamma"": 0.01}",0.7708333333333333,23,21,
5,1,1,SVM,2,"{""C"": 0.01, ""gamma"": 0.1}",0.7075757575757575,36,21,
5,1,2,SVM,2,"{""C"": 0.01, ""gamma"": 0.1}",0.3777272727272727,34,21,
5,1,3,SVM,2,"{""C"": 0.01, ""gamma"": 0.1}",0.6051948051948052,37,21,
5,1,4,SVM,2,"{""C"": 0.01, ""gamma"": 0.1}",0.6997979797979798,37,21,
5,1,5,SVM,2,"{""C"": 0.01, ""gamma"": 0.1}",0.6428571428571428,35,21,
5,1,1,SVM,3,"{""C"": 0.1, ""gamma"": ""scale""}",0.7433333333333334,39,21,
5,1,2,SVM,3,"{""C"": 0.1, ""gamma"": ""scale""}",0.3893939393939394,31,21,
5,1,3,SVM,3,"{""C"": 0.1, ""gamma"": ""scale""}",0.5455122655122655,38,21,
5,1,4,SVM,3,"{""C"": 0.1, ""gamma"": ""scale""}",0.7888888888888888,34,21,
5,1,5,SVM,3,"{""C"": 0.1, ""gamma"": ""scale""}",0.6428571428571428,34,21,
5,1,1,SVM,4,"{""C"": 0.1, ""gamma"": 0.01}",0.8211111111111111,24,21,
5,1,2,SVM,4,"{""C"": 0.1, ""gamma"": 0.01}",0.46439393939393936,30,21,
5,1,3,SVM,4,"{""C"": 0.1, ""gamma"": 0.01}",0.6676190476190476,26,21,
5,1,4,SVM,4,"{""C"": 0.1, ""gamma"": 0.01}",0.7888888888888888,25,21,
5,1,5,SVM,4,"{""C"": 0.1, ""gamma"": 0.01}",0.7708333333333333,26,21,
5,1,1,SVM,5,"{""C"": 0.1, ""gamma"": 0.1}",0.7075757575757575,45,21,
5,1,2,SVM,5,"{""C"": 0.1, ""gamma"": 0.1}",0.3777272727272727,45,21,
5,1,3,SVM,5,"{""C"": 0.1, ""gamma"": 0.1}",0.5909090909090908,49,21,
5,1,4,SVM,5,"{""C"": 0.1, ""gamma"": 0.1}",0.7297979797979797,48,21,
5,1,5,SVM,5,"{""C"": 0.1, ""gamma"": 0.1}",0.6428571428571428,49,21,
5,1,1,SVM,6,"{""C"": 1.0, ""gamma"": ""scale""}",0.7166666666666666,56,21,
5,1,2,SVM,6,"{""C"": 1.0, ""gamma"": ""scale""}",0.42272727272727273,56,21,
5,1,3,SVM,6,"{""C"": 1.0, ""gamma"": ""scale""}",0.5655122655122655,61,21,
5,1,4,SVM,6,"{""C"": 1.0, ""gamma"": ""scale""}",0.7888888888888888,51,21,
5,1,5,SVM,6,"{""C"": 1.0, ""gamma"": ""scale""}",0.6666666666666666,53,21,
5,1,1,SVM,7,"{""C"": 1.0, ""gamma"": 0.01}",0.8211111111111111,31,21,
5,1,2,SVM,7,"{""C"": 1.0, ""gamma"": 0.01}",0.45606060606060606,37,21,
5,1,3,SVM,7,"{""C"": 1.0, ""gamma"": 0.01}",0.6676190476190476,32,21,
5,1,4,SVM,7,"{""C"": 1.0, ""gamma"": 0.01}",0.7888888888888888,28,21,
5,1,5,SVM,7,"{""C"": 1.0, ""gamma"": 0.01}",0.7708333333333333,33,21,
5,1,1,SVM,8,"{""C"": 1.0, ""gamma"": 0.1}",0.7075757575757575,56,21,
5,1,2,SVM,8,"{""C"": 1.0, ""gamma"": 0.1}",0.3777272727272727,57,21,
5,1,3,SVM,8,"{""C"": 1.0, ""gamma"": 0.1}",0.6385281385281385,67,21,
5,1,4,SVM,8,"{""C"": 1.0, ""gamma"": 0.1}",0.7297979797979797,61,21,
5,1,5,SVM,8,"{""C"": 1.0, ""gamma"": 0.1}",0.6428571428571428,66,21,
5,1,1,SVM,9,"{""C"": 10.0, ""gamma"": ""scale""}",0.7109090909090909,146,21,
5,1,2,SVM,9,"{""C"": 10.0, ""gamma"": ""scale""}",0.43106060606060603,131,21,
5,1,3,SVM,9,"{""C"": 10.0, ""gamma"": ""scale""}",0.81,117,21,
5,1,4,SVM,9,"{""C"": 10.0, ""gamma"": ""scale""}",0.6722222222222223,123,21,
5,1,5,SVM,9,"{""C"": 10.0, ""gamma"": ""scale""}",0.475,135,21,
5,1,1,SVM,10,"{""C"": 10.0, ""gamma"": 0.01}",0.7342424242424244,148,21,
5,1,2,SVM,10,"{""C"": 10.0, ""gamma"": 0.01}",0.44939393939393935,104,21,
5,1,3,SVM,10,"{""C"": 10.0, ""gamma"": 0.01}",0.6000000000000001,155,21,
5,1,4,SVM,10,"{""C"": 10.0, ""gamma"": 0.01}",0.7888888888888888,136,21,
5,1,5,SVM,10,"{""C"": 10.0, ""gamma"": 0.01}",0.42658730158730157,138,21,
5,1,1,SVM,11,"{""C"": 10.0, ""gamma"": 0.1}",0.7476190476190476,90,21,
5,1,2,SVM,11,"{""C"": 10.0, ""gamma"": 0.1}",0.39388888888888884,84,21,
5,1,3,SVM,11,"{""C"": 10.0, ""gamma"": 0.1}",0.7861904761904761,90,21,
5,1,4,SVM,11,"{""C"": 10.0, ""gamma"": 0.1}",0.6333333333333333,89,21,
5,1,5,SVM,11,"{""C"": 10.0, ""gamma"": 0.1}",0.6678571428571429,91,21,
5,1,1,SVM,12,"{""C"": 100.0, ""gamma"": ""scale""}",0.7109090909090909,146,21,
5,1,2,SVM,12,"{""C"": 100.0, ""gamma"": ""scale""}",0.43106060606060603,131,21,
5,1,3,SVM,12,"{""C"": 100.0, ""gamma"": ""scale""}",0.81,117,21,
5,1,4,SVM,12,"{""C"": 100.0, ""gamma"": ""scale""}",0.6722222222222223,123,21,
5,1,5,SVM,12,"{""C"": 100.0, ""gamma"": ""scale""}",0.475,135,21,
5,1,1,SVM,13,"{""C"": 100.0, ""gamma"": 0.01}",0.5542424242424242,446,21,
5,1,2,SVM,13,"{""C"": 100.0, ""gamma"": 0.01}",0.5643939393939394,321,21,
5,1,3,SVM,13,"{""C"": 100.0, ""gamma"": 0.01}",0.7075757575757575,385,21,
5,1,4,SVM,13,"{""C"": 100.0, ""gamma"": 0.01}",0.6566233766233767,371,21,
5,1,5,SVM,13,"{""C"": 100.0, ""gamma"": 0.01}",0.36964285714285716,478,21,
5,1,1,SVM,14,"{""C"": 100.0, ""gamma"": 0.1}",0.7476190476190476,90,21,
5,1,2,SVM,14,"{""C"": 100.0, ""gamma"": 0.1}",0.39388888888888884,84,21,
5,1,3,SVM,14,"{""C"": 100.0, ""gamma"": 0.1}",0.7861904761904761,90,21,
5,1,4,SVM,14,"{""C"": 100.0, ""gamma"": 0.1}",0.6333333333333333,89,21,
5,1,5,SVM,14,"{""C"": 100.0, ""gamma"": 0.1}",0.6678571428571429,91,21,
5,2,1,Monotonic,0,"{""lambda"": 0.001}",0.8999999999999999,27,14,0.0
5,2,2,Monotonic,0,"{""lambda"": 0.001}",0.8999999999999999,26,13,0.0
5,2,3,Monotonic,0,"{""lambda"": 0.001}",0.5775757575757575,31,14,0.0
5,2,4,Monotonic,0,"{""lambda"": 0.001}",0.5546031746031745,46,16,0.0
5,2,5,Monotonic,0,"{""lambda"": 0.001}",0.7295238095238095,27,14,0.0
5,2,1,Monotonic,1,"{""lambda"": 0.01}",0.8999999999999999,30,16,0.0
5,2,2,Monotonic,1,"{""lambda"": 0.01}",0.8999999999999999,28,16,0.0
5,2,3,Monotonic,1,"{""lambda"": 0.01}",0.5585281385281384,24,14,0.0
5,2,4,Monotonic,1,"{""lambda"": 0.01}",0.5546031746031745,29,18,0.0
5,2,5,Monotonic,1,"{""lambda"": 0.01}",0.7295238095238095,23,15,0.0
5,2,1,Monotonic,2,"{""lambda"": 0.1}",0.8999999999999999,15,17,0.0
5,2,2,Monotonic,2,"{""lambda"": 0.1}",0.925,17,17,0.0
5,2,3,Monotonic,2,"{""lambda"": 0.1}",0.6742424242424243,15,16,0.0
5,2,4,Monotonic,2,"{""lambda"": 0.1}",0.5210317460317461,17,18,0.0
5,2,5,Monotonic,2,"{""lambda"": 0.1}",0.6961904761904762,15,17,0.0
5,2,1,Monotonic,3,"{""lambda"": 1.0}",0.911111111111111,12,20,0.0
5,2,2,Monotonic,3,"{""lambda"": 1.0}",0.8261904761904761,12,19,0.0
5,2,3,Monotonic,3,"{""lambda"": 1.0}",0.663131313131313,11,17,0.0
5,2,4,Monotonic,3,"{""lambda"": 1.0}",0.5210317460317461,12,20,0.0
5,2,5,Monotonic,3,"{""lambda"": 1.0}",0.7116666666666667,13,18,0.0
5,2,1,Monotonic,4,"{""lambda"": 10.0}",0.911111111111111,9,20,0.0
5,2,2,Monotonic,4,"{""lambda"": 10.0}",0.7783333333333333,8,19,0.0
5,2,3,Monotonic,4,"{""lambda"": 10.0}",0.663131313131313,9,17,0.0
5,2,4,Monotonic,4,"{""lambda"": 10.0}",0.5210317460317461,10,20,0.0
5,2,5,Monotonic,4,"{""lambda"": 10.0}",0.7416666666666667,9,18,0.0
5,2,1,L2,0,"{""lambda"": 0.001}",0.8142857142857143,54,21,
5,2,2,L2,0,"{""lambda"": 0.001}",0.3966666666666666,72,21,
5,2,3,L2,0,"{""lambda"": 0.001}",0.60995670995671,66,21,
5,2,4,L2,0,"{""lambda"": 0.001}",0.5768253968253969,66,21,
5,2,5,L2,0,"{""lambda"": 0.001}",0.5961904761904762,48,21,
5,2,1,L2,1,"{""lambda"": 0.01}",0.7833333333333332,36,21,
5,2,2,L2,1,"{""lambda"": 0.01}",0.5043650793650793,34,21,
5,2,3,L2,1,"{""lambda"": 0.01}",0.5766233766233766,34,21,
5,2,4,L2,1,"{""lambda"": 0.01}",0.5546031746031745,33,21,
5,2,5,L2,1,"{""lambda"": 0.01}",0.5961904761904762,32,21,
5,2,1,L2,2,"{""lambda"": 0.1}",0.81,18,21,
5,2,2,L2,2,"{""lambda"": 0.1}",0.5709090909090909,18,21,
5,2,3,L2,2,"{""lambda"": 0.1}",0.6655122655122655,16,21,
5,2,4,L2,2,"{""lambda"": 0.1}",0.5210317460317461,17,21,
5,2,5,L2,2,"{""lambda"": 0.1}",0.5961904761904762,16,21,
5,2,1,L2,3,"{""lambda"": 1.0}",0.911111111111111,11,21,
5,2,2,L2,3,"{""lambda"": 1.0}",0.7453968253968253,11,21,
5,2,3,L2,3,"{""lambda"": 1.0}",0.6542424242424243,11,21,
5,2,4,L2,3,"{""lambda"": 1.0}",0.5210317460317461,11,21,
5,2,5,L2,3,"{""lambda"": 1.0}",0.6295238095238095,11,21,
5,2,1,L2,4,"{""lambda"": 10.0}",0.911111111111111,10,21,
5,2,2,L2,4,"{""lambda"": 10.0}",0.7592857142857143,9,21,
5,2,3,L2,4,"{""lambda"": 10.0}",0.6542424242424243,9,21,
5,2,4,L2,4,"{""lambda"": 10.0}",0.5210317460317461,10,21,
5,2,5,L2,4,"{""lambda"": 10.0}",0.6087301587301587,9,21,
5,2,1,Elastic Net,0,"{""lambda"": 0.001, ""l1_ratio"": 0.1}",0.8142857142857143,1463,21,
5,2,2,Elastic Net,0,"{""lambda"": 0.001, ""l1_ratio"": 0.1}",0.3966666666666666,3740,21,
5,2,3,Elastic Net,0,"{""lambda"": 0.001, ""l1_ratio"": 0.1}",0.60995670995671,3375,21,
5,2,4,Elastic Net,0,"{""lambda"": 0.001, ""l1_ratio"": 0.1}",0.5768253968253969,4414,20,
5,2,5,Elastic Net,0,"{""lambda"": 0.001, ""l1_ratio"": 0.1}",0.5961904761904762,1452,21,
5,2,1,Elastic Net,1,"{""lambda"": 0.001, ""l1_ratio"": 0.5}",0.8142857142857143,1555,21,
5,2,2,Elastic Net,1,"{""lambda"": 0.001, ""l1_ratio"": 0.5}",0.3966666666666666,5074,21,
5,2,3,Elastic Net,1,"{""lambda"": 0.001, ""l1_ratio"": 0.5}",0.60995670995671,4832,21,
5,2,4,Elastic Net,1,"{""lambda"": 0.001, ""l1_ratio"": 0.5}",0.5768253968253969,7290,19,
5,2,5,Elastic Net,1,"{""lambda"": 0.001, ""l1_ratio"": 0.5}",0.5961904761904762,1245,20,
5,2,1,Elastic Net,2,"{""lambda"": 0.001, ""l1_ratio"": 0.9}",0.8142857142857143,1691,21,
5,2,2,Elastic Net,2,"{""lambda"": 0.001, ""l1_ratio"": 0.9}",0.3966666666666666,9077,21,
5,2,3,Elastic Net,2,"{""lambda"": 0.001, ""l1_ratio"": 0.9}",0.5099567099567099,10514,21,
5,2,4,Elastic Net,2,"{""lambda"": 0.001, ""l1_ratio"": 0.9}",0.5911111111111111,17471,18,
5,2,5,Elastic Net,2,"{""lambda"": 0.001, ""l1_ratio"": 0.9}",0.5961904761904762,1336,20,
5,2,1,Elastic Net,3,"{""lambda"": 0.01, ""l1_ratio"": 0.1}",0.7833333333333332,588,21,
5,2,2,Elastic Net,3,"{""lambda"": 0.01, ""l1_ratio"": 0.1}",0.5043650793650793,541,21,
5,2,3,Elastic Net,3,"{""lambda"": 0.01, ""l1_ratio"": 0.1}",0.5766233766233766,452,21,
5,2,4,Elastic Net,3,"{""lambda"": 0.01, ""l1_ratio"": 0.1}",0.5546031746031745,587,20,
5,2,5,Elastic Net,3,"{""lambda"": 0.01, ""l1_ratio"": 0.1}",0.5961904761904762,513,21,
5,2,1,Elastic Net,4,"{""lambda"": 0.01, ""l1_ratio"": 0.5}",0.7833333333333332,671,19,
5,2,2,Elastic Net,4,"{""lambda"": 0.01, ""l1_ratio"": 0.5}",0.5138888888888888,752,21,
5,2,3,Elastic Net,4,"{""lambda"": 0.01, ""l1_ratio"": 0.5}",0.5909090909090908,567,19,
5,2,4,Elastic Net,4,"{""lambda"": 0.01, ""l1_ratio"": 0.5}",0.5657142857142857,769,20,
5,2,5,Elastic Net,4,"{""lambda"": 0.01, ""l1_ratio"": 0.5}",0.5961904761904762,550,19,
5,2,1,Elastic Net,5,"{""lambda"": 0.01, ""l1_ratio"": 0.9}",0.7833333333333332,817,18,
5,2,2,Elastic Net,5,"{""lambda"": 0.01, ""l1_ratio"": 0.9}",0.5357142857142857,1035,19,
5,2,3,Elastic Net,5,"{""lambda"": 0.01, ""l1_ratio"": 0.9}",0.5909090909090908,817,19,
5,2,4,Elastic Net,5,"{""lambda"": 0.01, ""l1_ratio"": 0.9}",0.5800000000000001,1125,18,
5,2,5,Elastic Net,5,"{""lambda"": 0.01, ""l1_ratio"": 0.9}",0.5961904761904762,647,15,
5,2,1,Elastic Net,6,"{""lambda"": 0.1, ""l1_ratio"": 0.1}",0.7833333333333332,117,18,
5,2,2,Elastic Net,6,"{""lambda"": 0.1, ""l1_ratio"": 0.1}",0.5911111111111111,102,17,
5,2,3,Elastic Net,6,"{""lambda"": 0.1, ""l1_ratio"": 0.1}",0.6797979797979798,91,18,
5,2,4,Elastic Net,6,"{""lambda"": 0.1, ""l1_ratio"": 0.1}",0.5210317460317461,117,19,
5,2,5,Elastic Net,6,"{""lambda"": 0.1, ""l1_ratio"": 0.1}",0.5961904761904762,117,20,
5,2,1,Elastic Net,7,"{""lambda"": 0.1, ""l1_ratio"": 0.5}",0.7453968253968253,105,8,
5,2,2,Elastic Net,7,"{""lambda"": 0.1, ""l1_ratio"": 0.5}",0.6111111111111112,120,6,
5,2,3,Elastic Net,7,"{""lambda"": 0.1, ""l1_ratio"": 0.5}",0.633131313131313,85,10,
5,2,4,Elastic Net,7,"{""lambda"": 0.1, ""l1_ratio"": 0.5}",0.5210317460317461,131,10,
5,2,5,Elastic Net,7,"{""lambda"": 0.1, ""l1_ratio"": 0.5}",0.5961904761904762,138,9,
5,2,1,Elastic Net,8,"{""lambda"": 0.1, ""l1_ratio"": 0.9}",0.8392857142857142,135,5,
5,2,2,Elastic Net,8,"{""lambda"": 0.1, ""l1_ratio"": 0.9}",0.7642857142857142,217,5,
5,2,3,Elastic Net,8,"{""lambda"": 0.1, ""l1_ratio"": 0.9}",0.58995670995671,94,5,
5,2,4,Elastic Net,8,"{""lambda"": 0.1, ""l1_ratio"": 0.9}",0.5305555555555556,138,5,
5,2,5,Elastic Net,8,"{""lambda"": 0.1, ""l1_ratio"": 0.9}",0.7961904761904761,153,5,
5,2,1,Elastic Net,9,"{""lambda"": 1.0, ""l1_ratio"": 0.1}",0.8583333333333332,64,6,
5,2,2,Elastic Net,9,"{""lambda"": 1.0, ""l1_ratio"": 0.1}",0.7142857142857142,63,4,
5,2,3,Elastic Net,9,"{""lambda"": 1.0, ""l1_ratio"": 0.1}",0.6190476190476191,53,7,
5,2,4,Elastic Net,9,"{""lambda"": 1.0, ""l1_ratio"": 0.1}",0.5412698412698412,60,9,
5,2,5,Elastic Net,9,"{""lambda"": 1.0, ""l1_ratio"": 0.1}",0.6926190476190477,65,9,
5,2,1,Elastic Net,10,"{""lambda"": 1.0, ""l1_ratio"": 0.5}",0.4166666666666667,3,0,
5,2,2,Elastic Net,10,"{""lambda"": 1.0, ""l1_ratio"": 0.5}",0.4166666666666667,3,0,
5,2,3,Elastic Net,10,"{""lambda"": 1.0, ""l1_ratio"": 0.5}",0.45454545454545453,1,0,
5,2,4,Elastic Net,10,"{""lambda"": 1.0, ""l1_ratio"": 0.5}",0.45454545454545453,1,0,
5,2,5,Elastic Net,10,"{""lambda"": 1.0, ""l1_ratio"": 0.5}",0.45454545454545453,1,0,
5,2,1,Elastic Net,11,"{""lambda"": 1.0, ""l1_ratio"": 0.9}",0.4166666666666667,3,0,
5,2,2,Elastic Net,11,"{""lambda"": 1.0, ""l1_ratio"": 0.9}",0.4166666666666667,1,0,
5,2,3,Elastic Net,11,"{""lambda"": 1.0, ""l1_ratio"": 0.9}",0.45454545454545453,1,0,
5,2,4,Elastic Net,11,"{""lambda"": 1.0, ""l1_ratio"": 0.9}",0.45454545454545453,1,0,
5,2,5,Elastic Net,11,"{""lambda"": 1.0, ""l1_ratio"": 0.9}",0.45454545454545453,1,0,
5,2,1,Elastic Net,12,"{""lambda"": 10.0, ""l1_ratio"": 0.1}",0.4166666666666667,3,0,
5,2,2,Elastic Net,12,"{""lambda"": 10.0, ""l1_ratio"": 0.1}",0.4166666666666667,1,0,
5,2,3,Elastic Net,12,"{""lambda"": 10.0, ""l1_ratio"": 0.1}",0.45454545454545453,1,0,
5,2,4,Elastic Net,12,"{""lambda"": 10.0, ""l1_ratio"": 0.1}",0.45454545454545453,1,0,
5,2,5,Elastic Net,12,"{""lambda"": 10.0, ""l1_ratio"": 0.1}",0.45454545454545453,1,0,
5,2,1,Elastic Net,13,"{""lambda"": 10.0, ""l1_ratio"": 0.5}",0.4166666666666667,1,0,
5,2,2,Elastic Net,13,"{""lambda"": 10.0, ""l1_ratio"": 0.5}",0.4166666666666667,1,0,
5,2,3,Elastic Net,13,"{""lambda"": 10.0, ""l1_ratio"": 0.5}",0.45454545454545453,1,0,
5,2,4,Elastic Net,13,"{""lambda"": 10.0, ""l1_ratio"": 0.5}",0.45454545454545453,1,0,
5,2,5,Elastic Net,13,"{""lambda"": 10.0, ""l1_ratio"": 0.5}",0.45454545454545453,1,0,
5,2,1,Elastic Net,14,"{""lambda"": 10.0, ""l1_ratio"": 0.9}",0.4166666666666667,1,0,
5,2,2,Elastic Net,14,"{""lambda"": 10.0, ""l1_ratio"": 0.9}",0.4166666666666667,1,0,
5,2,3,Elastic Net,14,"{""lambda"": 10.0, ""l1_ratio"": 0.9}",0.45454545454545453,1,0,
5,2,4,Elastic Net,14,"{""lambda"": 10.0, ""l1_ratio"": 0.9}",0.45454545454545453,1,0,
5,2,5,Elastic Net,14,"{""lambda"": 10.0, ""l1_ratio"": 0.9}",0.45454545454545453,1,0,
5,2,1,SVM,0,"{""C"": 0.01, ""gamma"": ""scale""}",0.7976190476190477,28,21,
5,2,2,SVM,0,"{""C"": 0.01, ""gamma"": ""scale""}",0.5432900432900433,28,21,
5,2,3,SVM,0,"{""C"": 0.01, ""gamma"": ""scale""}",0.6888888888888889,30,21,
5,2,4,SVM,0,"{""C"": 0.01, ""gamma"": ""scale""}",0.4438888888888889,27,21,
5,2,5,SVM,0,"{""C"": 0.01, ""gamma"": ""scale""}",0.5142857142857142,28,21,
5,2,1,SVM,1,"{""C"": 0.01, ""gamma"": 0.01}",0.8253968253968254,25,21,
5,2,2,SVM,1,"{""C"": 0.01, ""gamma"": 0.01}",0.6968253968253968,22,21,
5,2,3,SVM,1,"{""C"": 0.01, ""gamma"": 0.01}",0.7209090909090909,26,21,
5,2,4,SVM,1,"{""C"": 0.01, ""gamma"": 0.01}",0.5210317460317461,23,21,
5,2,5,SVM,1,"{""C"": 0.01, ""gamma"": 0.01}",0.5961904761904762,22,21,
5,2,1,SVM,2,"{""C"": 0.01, ""gamma"": 0.1}",0.7666666666666666,34,21,
5,2,2,SVM,2,"{""C"": 0.01, ""gamma"": 0.1}",0.5455122655122655,34,21,
5,2,3,SVM,2,"{""C"": 0.01, ""gamma"": 0.1}",0.5587301587301587,37,21,
5,2,4,SVM,2,"{""C"": 0.01, ""gamma"": 0.1}",0.45238095238095233,36,21,
5,2,5,SVM,2,"{""C"": 0.01, ""gamma"": 0.1}",0.519047619047619,35,21,
5,2,1,SVM,3,"{""C"": 0.1, ""gamma"": ""scale""}",0.7976190476190477,38,21,
5,2,2,SVM,3,"{""C"": 0.1, ""gamma"": ""scale""}",0.5432900432900433,37,21,
5,2,3,SVM,3,"{""C"": 0.1, ""gamma"": ""scale""}",0.6888888888888889,41,21,
5,2,4,SVM,3,"{""C"": 0.1, ""gamma"": ""scale""}",0.4638888888888889,37,21,
5,2,5,SVM,3,"{""C"": 0.1, ""gamma"": ""scale""}",0.5142857142857142,35,21,
5,2,1,SVM,4,"{""C"": 0.1, ""gamma"": 0.01}",0.8253968253968254,30,21,
5,2,2,SVM,4,"{""C"": 0.1, ""gamma"": 0.01}",0.6968253968253968,23,21,
5,2,3,SVM,4,"{""C"": 0.1, ""gamma"": 0.01}",0.7209090909090909,29,21,
5,2,4,SVM,4,"{""C"": 0.1, ""gamma"": 0.01}",0.5210317460317461,26,21,
5,2,5,SVM,4,"{""C"": 0.1, ""gamma"": 0.01}",0.5961904761904762,26,21,
5,2,1,SVM,5,"{""C"": 0.1, ""gamma"": 0.1}",0.7666666666666666,44,21,
5,2,2,SVM,5,"{""C"": 0.1, ""gamma"": 0.1}",0.5455122655122655,44,21,
5,2,3,SVM,5,"{""C"": 0.1, ""gamma"": 0.1}",0.5587301587301587,49,21,
5,2,4,SVM,5,"{""C"": 0.1, ""gamma"": 0.1}",0.45238095238095233,48,21,
5,2,5,SVM,5,"{""C"": 0.1, ""gamma"": 0.1}",0.5099567099567099,42,21,
5,2,1,SVM,6,"{""C"": 1.0, ""gamma"": ""scale""}",0.7976190476190477,47,21,
5,2,2,SVM,6,"{""C"": 1.0, ""gamma"": ""scale""}",0.5432900432900433,48,21,
5,2,3,SVM,6,"{""C"": 1.0, ""gamma"": ""scale""}",0.6222222222222222,57,21,
5,2,4,SVM,6,"{""C"": 1.0, ""gamma"": ""scale""}",0.4638888888888889,53,21,
5,2,5,SVM,6,"{""C"": 1.0, ""gamma"": ""scale""}",0.5,53,21,
5,2,1,SVM,7,"{""C"": 1.0, ""gamma"": 0.01}",0.8253968253968254,35,21,
5,2,2,SVM,7,"{""C"": 1.0, ""gamma"": 0.01}",0.6968253968253968,33,21,
5,2,3,SVM,7,"{""C"": 1.0, ""gamma"": 0.01}",0.7209090909090909,34,21,
5,2,4,SVM,7,"{""C"": 1.0, ""gamma"": 0.01}",0.5210317460317461,31,21,
5,2,5,SVM,7,"{""C"": 1.0, ""gamma"": 0.01}",0.5961904761904762,30,21,
5,2,1,SVM,8,"{""C"": 1.0, ""gamma"": 0.1}",0.7666666666666666,58,21,
5,2,2,SVM,8,"{""C"": 1.0, ""gamma"": 0.1}",0.5321789321789321,63,21,
5,2,3,SVM,8,"{""C"": 1.0, ""gamma"": 0.1}",0.5587301587301587,61,21,
5,2,4,SVM,8,"{""C"": 1.0, ""gamma"": 0.1}",0.45238095238095233,64,21,
5,2,5,SVM,8,"{""C"": 1.0, ""gamma"": 0.1}",0.5099567099567099,66,21,
5,2,1,SVM,9,"{""C"": 10.0, ""gamma"": ""scale""}",0.7933333333333332,120,21,
5,2,2,SVM,9,"{""C"": 10.0, ""gamma"": ""scale""}",0.49772727272727274,127,21,
5,2,3,SVM,9,"{""C"": 10.0, ""gamma"": ""scale""}",0.5587301587301587,120,21,
5,2,4,SVM,9,"{""C"": 10.0, ""gamma"": ""scale""}",0.4755555555555555,119,21,
5,2,5,SVM,9,"{""C"": 10.0, ""gamma"": ""scale""}",0.6295238095238095,141,21,
5,2,1,SVM,10,"{""C"": 10.0, ""gamma"": 0.01}",0.8242424242424242,127,21,
5,2,2,SVM,10,"{""C"": 10.0, ""gamma"": 0.01}",0.505,151,21,
5,2,3,SVM,10,"{""C"": 10.0, ""gamma"": 0.01}",0.6766233766233767,132,21,
5,2,4,SVM,10,"{""C"": 10.0, ""gamma"": 0.01}",0.45460317460317456,140,21,
5,2,5,SVM,10,"{""C"": 10.0, ""gamma"": 0.01}",0.6783333333333332,154,21,
5,2,1,SVM,11,"{""C"": 10.0, ""gamma"": 0.1}",0.7933333333333332,88,21,
5,2,2,SVM,11,"{""C"": 10.0, ""gamma"": 0.1}",0.5633333333333334,97,21,
5,2,3,SVM,11,"{""C"": 10.0, ""gamma"": 0.1}",0.6116666666666666,88,21,
5,2,4,SVM,11,"{""C"": 10.0, ""gamma"": 0.1}",0.5,90,21,
5,2,5,SVM,11,"{""C"": 10.0, ""gamma"": 0.1}",0.6676190476190476,92,21,
5,2,1,SVM,12,"{""C"": 100.0, ""gamma"": ""scale""}",0.7933333333333332,120,21,
5,2,2,SVM,12,"{""C"": 100.0, ""gamma"": ""scale""}",0.49772727272727274,127,21,
5,2,3,SVM,12,"{""C"": 100.0, ""gamma"": ""scale""}",0.5587301587301587,120,21,
5,2,4,SVM,12,"{""C"": 100.0, ""gamma"": ""scale""}",0.4755555555555555,119,21,
5,2,5,SVM,12,"{""C"": 100.0, ""gamma"": ""scale""}",0.6295238095238095,141,21,
5,2,1,SVM,13,"{""C"": 100.0, ""gamma"": 0.01}",0.6699999999999999,434,21,
5,2,2,SVM,13,"{""C"": 100.0, ""gamma"": 0.01}",0.4727272727272727,356,21,
5,2,3,SVM,13,"{""C"": 100.0, ""gamma"": 0.01}",0.5909090909090908,320,21,
5,2,4,SVM,13,"{""C"": 100.0, ""gamma"": 0.01}",0.4755555555555555,339,21,
5,2,5,SVM,13,"{""C"": 100.0, ""gamma"": 0.01}",0.7295238095238095,404,21,
5,2,1,SVM,14,"{""C"": 100.0, ""gamma"": 0.1}",0.7933333333333332,88,21,
5,2,2,SVM,14,"{""C"": 100.0, ""gamma"": 0.1}",0.5633333333333334,97,21,
5,2,3,SVM,14,"{""C"": 100.0, ""gamma"": 0.1}",0.6116666666666666,88,21,
5,2,4,SVM,14,"{""C"": 100.0, ""gamma"": 0.1}",0.5,90,21,
5,2,5,SVM,14,"{""C"": 100.0, ""gamma"": 0.1}",0.6676190476190476,92,21,
5,3,1,Monotonic,0,"{""lambda"": 0.001}",1.0,32,14,0.0
5,3,2,Monotonic,0,"{""lambda"": 0.001}",0.925,31,15,0.0
5,3,3,Monotonic,0,"{""lambda"": 0.001}",0.7109090909090909,45,17,0.0
5,3,4,Monotonic,0,"{""lambda"": 0.001}",0.8392857142857142,42,15,0.0
5,3,5,Monotonic,0,"{""lambda"": 0.001}",0.7388888888888889,41,16,0.0
5,3,1,Monotonic,1,"{""lambda"": 0.01}",0.9666666666666666,28,15,0.0
5,3,2,Monotonic,1,"{""lambda"": 0.01}",0.925,28,16,0.0
5,3,3,Monotonic,1,"{""lambda"": 0.01}",0.6997979797979798,29,17,0.0
5,3,4,Monotonic,1,"{""lambda"": 0.01}",0.8583333333333332,29,16,0.0
5,3,5,Monotonic,1,"{""lambda"": 0.01}",0.7388888888888889,27,16,0.0
5,3,1,Monotonic,2,"{""lambda"": 0.1}",0.9428571428571428,16,17,0.0
5,3,2,Monotonic,2,"{""lambda"": 0.1}",0.9428571428571428,15,17,0.0
5,3,3,Monotonic,2,"{""lambda"": 0.1}",0.6722222222222223,14,18,0.0
5,3,4,Monotonic,2,"{""lambda"": 0.1}",1.0,16,17,0.0
5,3,5,Monotonic,2,"{""lambda"": 0.1}",0.6888888888888889,15,18,0.0
5,3,1,Monotonic,3,"{""lambda"": 1.0}",0.9266666666666665,12,19,0.0
5,3,2,Monotonic,3,"{""lambda"": 1.0}",0.9028571428571428,13,19,0.0
5,3,3,Monotonic,3,"{""lambda"": 1.0}",0.7087301587301587,12,19,0.0
5,3,4,Monotonic,3,"{""lambda"": 1.0}",0.9666666666666666,12,19,0.0
5,3,5,Monotonic,3,"{""lambda"": 1.0}",0.663888888888889,12,20,0.0
5,3,1,Monotonic,4,"{""lambda"": 10.0}",0.8761904761904762,9,19,0.0
5,3,2,Monotonic,4,"{""lambda"": 10.0}",0.7861904761904761,9,20,0.0
5,3,3,Monotonic,4,"{""lambda"": 10.0}",0.6926190476190477,10,19,0.0
5,3,4,Monotonic,4,"{""lambda"": 10.0}",0.9666666666666666,10,19,0.0
5,3,5,Monotonic,4,"{""lambda"": 10.0}",0.663888888888889,10,19,0.0
5,3,1,L2,0,"{""lambda"": 0.001}",0.9428571428571428,62,21,
5,3,2,L2,0,"{""lambda"": 0.001}",0.9266666666666665,66,21,
5,3,3,L2,0,"{""lambda"": 0.001}",0.7388888888888889,67,21,
5,3,4,L2,0,"{""lambda"": 0.001}",0.7453968253968253,66,21,
5,3,5,L2,0,"{""lambda"": 0.001}",0.6676190476190476,55,21,
5,3,1,L2,1,"{""lambda"": 0.01}",0.9028571428571428,37,21,
5,3,2,L2,1,"{""lambda"": 0.01}",0.9666666666666666,36,21,
5,3,3,L2,1,"{""lambda"": 0.01}",0.7088888888888889,31,21,
5,3,4,L2,1,"{""lambda"": 0.01}",0.7944444444444445,34,21,
5,3,5,L2,1,"{""lambda"": 0.01}",0.6676190476190476,32,21,
5,3,1,L2,2,"{""lambda"": 0.1}",0.8444444444444443,18,21,
5,3,2,L2,2,"{""lambda"": 0.1}",0.9428571428571428,18,21,
5,3,3,L2,2,"{""lambda"": 0.1}",0.6722222222222223,16,21,
5,3,4,L2,2,"{""lambda"": 0.1}",1.0,16,21,
5,3,5,L2,2,"{""lambda"": 0.1}",0.7088888888888889,15,21,
5,3,1,L2,3,"{""lambda"": 1.0}",0.885,11,21,
5,3,2,L2,3,"{""lambda"": 1.0}",0.9266666666666665,11,21,
5,3,3,L2,3,"{""lambda"": 1.0}",0.5676190476190476,11,21,
5,3,4,L2,3,"{""lambda"": 1.0}",0.9666666666666666,11,21,
5,3,5,L2,3,"{""lambda"": 1.0}",0.663888888888889,11,21,
5,3,1,L2,4,"{""lambda"": 10.0}",0.8261904761904761,9,21,
5,3,2,L2,4,"{""lambda"": 10.0}",0.7861904761904761,10,21,
5,3,3,L2,4,"{""lambda"": 10.0}",0.5676190476190476,10,21,
5,3,4,L2,4,"{""lambda"": 10.0}",0.9666666666666666,10,21,
5,3,5,L2,4,"{""lambda"": 10.0}",0.663888888888889,10,21,
5,3,1,Elastic Net,0,"{""lambda"": 0.001, ""l1_ratio"": 0.1}",0.925,5447,21,
5,3,2,Elastic Net,0,"{""lambda"": 0.001, ""l1_ratio"": 0.1}",0.9266666666666665,3943,21,
5,3,3,Elastic Net,0,"{""lambda"": 0.001, ""l1_ratio"": 0.1}",0.7388888888888889,5989,21,
5,3,4,Elastic Net,0,"{""lambda"": 0.001, ""l1_ratio"": 0.1}",0.7342857142857142,6563,21,
5,3,5,Elastic Net,0,"{""lambda"": 0.001, ""l1_ratio"": 0.1}",0.6676190476190476,5772,21,
5,3,1,Elastic Net,1,"{""lambda"": 0.001, ""l1_ratio"": 0.5}",0.911111111111111,7656,21,
5,3,2,Elastic Net,1,"{""lambda"": 0.001, ""l1_ratio"": 0.5}",0.9266666666666665,6103,21,
5,3,3,Elastic Net,1,"{""lambda"": 0.001, ""l1_ratio"": 0.5}",0.7388888888888889,8386,20,
5,3,4,Elastic Net,1,"{""lambda"": 0.001, ""l1_ratio"": 0.5}",0.7142857142857142,10776,21,
5,3,5,Elastic Net,1,"{""lambda"": 0.001, ""l1_ratio"": 0.5}",0.6676190476190476,8303,20,
5,3,1,Elastic Net,2,"{""lambda"": 0.001, ""l1_ratio"": 0.9}",0.911111111111111,16232,20,
5,3,2,Elastic Net,2,"{""lambda"": 0.001, ""l1_ratio"": 0.9}",0.8766666666666667,26609,21,
5,3,3,Elastic Net,2,"{""lambda"": 0.001, ""l1_ratio"": 0.9}",0.7388888888888889,17109,21,
5,3,4,Elastic Net,2,"{""lambda"": 0.001, ""l1_ratio"": 0.9}",0.7142857142857142,25814,19,
5,3,5,Elastic Net,2,"{""lambda"": 0.001, ""l1_ratio"": 0.9}",0.7533333333333332,20534,20,
5,3,1,Elastic Net,3,"{""lambda"": 0.01, ""l1_ratio"": 0.1}",0.885,1032,21,
5,3,2,Elastic Net,3,"{""lambda"": 0.01, ""l1_ratio"": 0.1}",0.9666666666666666,653,21,
5,3,3,Elastic Net,3,"{""lambda"": 0.01, ""l1_ratio"": 0.1}",0.7088888888888889,970,21,
5,3,4,Elastic Net,3,"{""lambda"": 0.01, ""l1_ratio"": 0.1}",0.7944444444444445,815,20,
5,3,5,Elastic Net,3,"{""lambda"": 0.01, ""l1_ratio"": 0.1}",0.6676190476190476,1005,21,
5,3,1,Elastic Net,4,"{""lambda"": 0.01, ""l1_ratio"": 0.5}",0.885,1471,20,
5,3,2,Elastic Net,4,"{""lambda"": 0.01, ""l1_ratio"": 0.5}",0.9666666666666666,888,21,
5,3,3,Elastic Net,4,"{""lambda"": 0.01, ""l1_ratio"": 0.5}",0.7088888888888889,1332,21,
5,3,4,Elastic Net,4,"{""lambda"": 0.01, ""l1_ratio"": 0.5}",0.7944444444444445,1055,20,
5,3,5,Elastic Net,4,"{""lambda"": 0.01, ""l1_ratio"": 0.5}",0.6533333333333333,1565,20,
5,3,1,Elastic Net,5,"{""lambda"": 0.01, ""l1_ratio"": 0.9}",0.8444444444444443,2229,18,
5,3,2,Elastic Net,5,"{""lambda"": 0.01, ""l1_ratio"": 0.9}",0.9666666666666666,1304,20,
5,3,3,Elastic Net,5,"{""lambda"": 0.01, ""l1_ratio"": 0.9}",0.6997979797979798,1763,18,
5,3,4,Elastic Net,5,"{""lambda"": 0.01, ""l1_ratio"": 0.9}",0.8444444444444443,2745,19,
5,3,5,Elastic Net,5,"{""lambda"": 0.01, ""l1_ratio"": 0.9}",0.72,3239,19,
5,3,1,Elastic Net,6,"{""lambda"": 0.1, ""l1_ratio"": 0.1}",0.8444444444444443,157,20,
5,3,2,Elastic Net,6,"{""lambda"": 0.1, ""l1_ratio"": 0.1}",0.925,98,18,
5,3,3,Elastic Net,6,"{""lambda"": 0.1, ""l1_ratio"": 0.1}",0.5722222222222222,134,19,
5,3,4,Elastic Net,6,"{""lambda"": 0.1, ""l1_ratio"": 0.1}",0.9666666666666666,136,20,
5,3,5,Elastic Net,6,"{""lambda"": 0.1, ""l1_ratio"": 0.1}",0.6888888888888889,128,17,
5,3,1,Elastic Net,7,"{""lambda"": 0.1, ""l1_ratio"": 0.5}",0.8083333333333333,133,9,
5,3,2,Elastic Net,7,"{""lambda"": 0.1, ""l1_ratio"": 0.5}",0.835,100,9,
5,3,3,Elastic Net,7,"{""lambda"": 0.1, ""l1_ratio"": 0.5}",0.5833333333333333,165,10,
5,3,4,Elastic Net,7,"{""lambda"": 0.1, ""l1_ratio"": 0.5}",0.925,185,11,
5,3,5,Elastic Net,7,"{""lambda"": 0.1, ""l1_ratio"": 0.5}",0.5972222222222223,153,10,
5,3,1,Elastic Net,8,"{""lambda"": 0.1, ""l1_ratio"": 0.9}",0.6226190476190475,116,5,
5,3,2,Elastic Net,8,"{""lambda"": 0.1, ""l1_ratio"": 0.9}",0.6977777777777778,115,5,
5,3,3,Elastic Net,8,"{""lambda"": 0.1, ""l1_ratio"": 0.9}",0.5944444444444444,161,6,
5,3,4,Elastic Net,8,"{""lambda"": 0.1, ""l1_ratio"": 0.9}",0.7833333333333332,101,6,
5,3,5,Elastic Net,8,"{""lambda"": 0.1, ""l1_ratio"": 0.9}",0.5888888888888888,188,7,
5,3,1,Elastic Net,9,"{""lambda"": 1.0, ""l1_ratio"": 0.1}",0.6226190476190475,77,8,
5,3,2,Elastic Net,9,"{""lambda"": 1.0, ""l1_ratio"": 0.1}",0.7861904761904761,63,7,
5,3,3,Elastic Net,9,"{""lambda"": 1.0, ""l1_ratio"": 0.1}",0.5676190476190476,81,9,
5,3,4,Elastic Net,9,"{""lambda"": 1.0, ""l1_ratio"": 0.1}",0.9666666666666666,85,7,
5,3,5,Elastic Net,9,"{""lambda"": 1.0, ""l1_ratio"": 0.1}",0.5746031746031746,78,9,
5,3,1,Elastic Net,10,"{""lambda"": 1.0, ""l1_ratio"": 0.5}",0.4166666666666667,3,0,
5,3,2,Elastic Net,10,"{""lambda"": 1.0, ""l1_ratio"": 0.5}",0.4166666666666667,3,0,
5,3,3,Elastic Net,10,"{""lambda"": 1.0, ""l1_ratio"": 0.5}",0.45454545454545453,1,0,
5,3,4,Elastic Net,10,"{""lambda"": 1.0, ""l1_ratio"": 0.5}",0.45454545454545453,4,0,
5,3,5,Elastic Net,10,"{""lambda"": 1.0, ""l1_ratio"": 0.5}",0.45454545454545453,4,0,
5,3,1,Elastic Net,11,"{""lambda"": 1.0, ""l1_ratio"": 0.9}",0.4166666666666667,1,0,
5,3,2,Elastic Net,11,"{""lambda"": 1.0, ""l1_ratio"": 0.9}",0.4166666666666667,1,0,
5,3,3,Elastic Net,11,"{""lambda"": 1.0, ""l1_ratio"": 0.9}",0.45454545454545453,1,0,
5,3,4,Elastic Net,11,"{""lambda"": 1.0, ""l1_ratio"": 0.9}",0.45454545454545453,1,0,
5,3,5,Elastic Net,11,"{""lambda"": 1.0, ""l1_ratio"": 0.9}",0.45454545454545453,1,0,
5,3,1,Elastic Net,12,"{""lambda"": 10.0, ""l1_ratio"": 0.1}",0.4166666666666667,1,0,
5,3,2,Elastic Net,12,"{""lambda"": 10.0, ""l1_ratio"": 0.1}",0.4166666666666667,1,0,
5,3,3,Elastic Net,12,"{""lambda"": 10.0, ""l1_ratio"": 0.1}",0.45454545454545453,1,0,
5,3,4,Elastic Net,12,"{""lambda"": 10.0, ""l1_ratio"": 0.1}",0.45454545454545453,1,0,
5,3,5,Elastic Net,12,"{""lambda"": 10.0, ""l1_ratio"": 0.1}",0.45454545454545453,1,0,
5,3,1,Elastic Net,13,"{""lambda"": 10.0, ""l1_ratio"": 0.5}",0.4166666666666667,1,0,
5,3,2,Elastic Net,13,"{""lambda"": 10.0, ""l1_ratio"": 0.5}",0.4166666666666667,1,0,
5,3,3,Elastic Net,13,"{""lambda"": 10.0, ""l1_ratio"": 0.5}",0.45454545454545453,1,0,
5,3,4,Elastic Net,13,"{""lambda"": 10.0, ""l1_ratio"": 0.5}",0.45454545454545453,1,0,
5,3,5,Elastic Net,13,"{""lambda"": 10.0, ""l1_ratio"": 0.5}",0.45454545454545453,1,0,
5,3,1,Elastic Net,14,"{""lambda"": 10.0, ""l1_ratio"": 0.9}",0.4166666666666667,1,0,
5,3,2,Elastic Net,14,"{""lambda"": 10.0, ""l1_ratio"": 0.9}",0.4166666666666667,1,0,
5,3,3,Elastic Net,14,"{""lambda"": 10.0, ""l1_ratio"": 0.9}",0.45454545454545453,1,0,
5,3,4,Elastic Net,14,"{""lambda"": 10.0, ""l1_ratio"": 0.9}",0.45454545454545453,1,0,
5,3,5,Elastic Net,14,"{""lambda"": 10.0, ""l1_ratio"": 0.9}",0.45454545454545453,1,0,
5,3,1,SVM,0,"{""C"": 0.01, ""gamma"": ""scale""}",0.8583333333333332,26,21,
5,3,2,SVM,0,"{""C"": 0.01, ""gamma"": ""scale""}",0.6885281385281385,28,21,
5,3,3,SVM,0,"{""C"": 0.01, ""gamma"": ""scale""}",0.6909090909090909,27,21,
5,3,4,SVM,0,"{""C"": 0.01, ""gamma"": ""scale""}",0.75,29,21,
5,3,5,SVM,0,"{""C"": 0.01, ""gamma"": ""scale""}",0.60995670995671,26,21,
5,3,1,SVM,1,"{""C"": 0.01, ""gamma"": 0.01}",0.885,21,21,
5,3,2,SVM,1,"{""C"": 0.01, ""gamma"": 0.01}",0.6587301587301588,24,21,
5,3,3,SVM,1,"{""C"": 0.01, ""gamma"": 0.01}",0.5542424242424242,22,21,
5,3,4,SVM,1,"{""C"": 0.01, ""gamma"": 0.01}",1.0,25,21,
5,3,5,SVM,1,"{""C"": 0.01, ""gamma"": 0.01}",0.6746031746031746,22,21,
5,3,1,SVM,2,"{""C"": 0.01, ""gamma"": 0.1}",0.7388888888888889,34,21,
5,3,2,SVM,2,"{""C"": 0.01, ""gamma"": 0.1}",0.7722222222222221,34,21,
5,3,3,SVM,2,"{""C"": 0.01, ""gamma"": 0.1}",0.58995670995671,36,21,
5,3,4,SVM,2,"{""C"": 0.01, ""gamma"": 0.1}",0.6311111111111112,35,21,
5,3,5,SVM,2,"{""C"": 0.01, ""gamma"": 0.1}",0.5442424242424242,34,21,
5,3,1,SVM,3,"{""C"": 0.1, ""gamma"": ""scale""}",0.8583333333333332,32,21,
5,3,2,SVM,3,"{""C"": 0.1, ""gamma"": ""scale""}",0.6885281385281385,35,21,
5,3,3,SVM,3,"{""C"": 0.1, ""gamma"": ""scale""}",0.6909090909090909,31,21,
5,3,4,SVM,3,"{""C"": 0.1, ""gamma"": ""scale""}",0.75,37,21,
5,3,5,SVM,3,"{""C"": 0.1, ""gamma"": ""scale""}",0.60995670995671,31,21,
5,3,1,SVM,4,"{""C"": 0.1, ""gamma"": 0.01}",0.885,26,21,
5,3,2,SVM,4,"{""C"": 0.1, ""gamma"": 0.01}",0.6977777777777778,26,21,
5,3,3,SVM,4,"{""C"": 0.1, ""gamma"": 0.01}",0.5542424242424242,28,21,
5,3,4,SVM,4,"{""C"": 0.1, ""gamma"": 0.01}",1.0,27,21,
5,3,5,SVM,4,"{""C"": 0.1, ""gamma"": 0.01}",0.6746031746031746,24,21,
5,3,1,SVM,5,"{""C"": 0.1, ""gamma"": 0.1}",0.7388888888888889,42,21,
5,3,2,SVM,5,"{""C"": 0.1, ""gamma"": 0.1}",0.7722222222222221,45,21,
5,3,3,SVM,5,"{""C"": 0.1, ""gamma"": 0.1}",0.58995670995671,48,21,
5,3,4,SVM,5,"{""C"": 0.1, ""gamma"": 0.1}",0.6311111111111112,44,21,
5,3,5,SVM,5,"{""C"": 0.1, ""gamma"": 0.1}",0.5442424242424242,44,21,
5,3,1,SVM,6,"{""C"": 1.0, ""gamma"": ""scale""}",0.8392857142857142,51,21,
5,3,2,SVM,6,"{""C"": 1.0, ""gamma"": ""scale""}",0.680952380952381,51,21,
5,3,3,SVM,6,"{""C"": 1.0, ""gamma"": ""scale""}",0.7209090909090909,51,21,
5,3,4,SVM,6,"{""C"": 1.0, ""gamma"": ""scale""}",0.6833333333333333,56,21,
5,3,5,SVM,6,"{""C"": 1.0, ""gamma"": ""scale""}",0.6585281385281385,48,21,
5,3,1,SVM,7,"{""C"": 1.0, ""gamma"": 0.01}",0.885,28,21,
5,3,2,SVM,7,"{""C"": 1.0, ""gamma"": 0.01}",0.6787301587301586,29,21,
5,3,3,SVM,7,"{""C"": 1.0, ""gamma"": 0.01}",0.663131313131313,33,21,
5,3,4,SVM,7,"{""C"": 1.0, ""gamma"": 0.01}",1.0,29,21,
5,3,5,SVM,7,"{""C"": 1.0, ""gamma"": 0.01}",0.6746031746031746,35,21,
5,3,1,SVM,8,"{""C"": 1.0, ""gamma"": 0.1}",0.7388888888888889,57,21,
5,3,2,SVM,8,"{""C"": 1.0, ""gamma"": 0.1}",0.7222222222222221,62,21,
5,3,3,SVM,8,"{""C"": 1.0, ""gamma"": 0.1}",0.58995670995671,62,21,
5,3,4,SVM,8,"{""C"": 1.0, ""gamma"": 0.1}",0.6311111111111112,60,21,
5,3,5,SVM,8,"{""C"": 1.0, ""gamma"": 0.1}",0.5585281385281384,60,21,
5,3,1,SVM,9,"{""C"": 10.0, ""gamma"": ""scale""}",0.8253968253968254,125,21,
5,3,2,SVM,9,"{""C"": 10.0, ""gamma"": ""scale""}",0.8833333333333333,124,21,
5,3,3,SVM,9,"{""C"": 10.0, ""gamma"": ""scale""}",0.6542424242424243,155,21,
5,3,4,SVM,9,"{""C"": 10.0, ""gamma"": ""scale""}",0.7142857142857142,124,21,
5,3,5,SVM,9,"{""C"": 10.0, ""gamma"": ""scale""}",0.6342424242424243,120,21,
5,3,1,SVM,10,"{""C"": 10.0, ""gamma"": 0.01}",0.8253968253968254,167,21,
5,3,2,SVM,10,"{""C"": 10.0, ""gamma"": 0.01}",0.925,143,21,
5,3,3,SVM,10,"{""C"": 10.0, ""gamma"": 0.01}",0.7297979797979797,155,21,
5,3,4,SVM,10,"{""C"": 10.0, ""gamma"": 0.01}",0.8,143,21,
5,3,5,SVM,10,"{""C"": 10.0, ""gamma"": 0.01}",0.5885281385281385,116,21,
5,3,1,SVM,11,"{""C"": 10.0, ""gamma"": 0.1}",0.711111111111111,101,21,
5,3,2,SVM,11,"{""C"": 10.0, ""gamma"": 0.1}",0.8833333333333333,86,21,
5,3,3,SVM,11,"{""C"": 10.0, ""gamma"": 0.1}",0.5131313131313131,89,21,
5,3,4,SVM,11,"{""C"": 10.0, ""gamma"": 0.1}",0.6726190476190477,91,21,
5,3,5,SVM,11,"{""C"": 10.0, ""gamma"": 0.1}",0.5775757575757575,88,21,
5,3,1,SVM,12,"{""C"": 100.0, ""gamma"": ""scale""}",0.8253968253968254,125,21,
5,3,2,SVM,12,"{""C"": 100.0, ""gamma"": ""scale""}",0.8833333333333333,124,21,
5,3,3,SVM,12,"{""C"": 100.0, ""gamma"": ""scale""}",0.6542424242424243,155,21,
5,3,4,SVM,12,"{""C"": 100.0, ""gamma"": ""scale""}",0.7142857142857142,124,21,
5,3,5,SVM,12,"{""C"": 100.0, ""gamma"": ""scale""}",0.6342424242424243,120,21,
5,3,1,SVM,13,"{""C"": 100.0, ""gamma"": 0.01}",0.885,424,21,
5,3,2,SVM,13,"{""C"": 100.0, ""gamma"": 0.01}",0.925,349,21,
5,3,3,SVM,13,"{""C"": 100.0, ""gamma"": 0.01}",0.7209090909090909,359,21,
5,3,4,SVM,13,"{""C"": 100.0, ""gamma"": 0.01}",0.6042424242424242,354,21,
5,3,5,SVM,13,"{""C"": 100.0, ""gamma"": 0.01}",0.5976190476190476,213,21,
5,3,1,SVM,14,"{""C"": 100.0, ""gamma"": 0.1}",0.711111111111111,101,21,
5,3,2,SVM,14,"{""C"": 100.0, ""gamma"": 0.1}",0.8833333333333333,86,21,
5,3,3,SVM,14,"{""C"": 100.0, ""gamma"": 0.1}",0.5131313131313131,89,21,
5,3,4,SVM,14,"{""C"": 100.0, ""gamma"": 0.1}",0.6726190476190477,91,21,
5,3,5,SVM,14,"{""C"": 100.0, ""gamma"": 0.1}",0.5775757575757575,88,21,
5,4,1,Monotonic,0,"{""lambda"": 0.001}",0.5111111111111111,26,14,0.0
5,4,2,Monotonic,0,"{""lambda"": 0.001}",0.6885281385281385,31,15,0.0
5,4,3,Monotonic,0,"{""lambda"": 0.001}",0.740909090909091,44,15,0.0
5,4,4,Monotonic,0,"{""lambda"": 0.001}",0.5628571428571428,36,17,0.0
5,4,5,Monotonic,0,"{""lambda"": 0.001}",0.6926190476190477,29,15,0.0
5,4,1,Monotonic,1,"{""lambda"": 0.01}",0.5111111111111111,24,14,0.0
5,4,2,Monotonic,1,"{""lambda"": 0.01}",0.6885281385281385,23,15,0.0
5,4,3,Monotonic,1,"{""lambda"": 0.01}",0.740909090909091,29,17,0.0
5,4,4,Monotonic,1,"{""lambda"": 0.01}",0.5449999999999999,27,18,0.0
5,4,5,Monotonic,1,"{""lambda"": 0.01}",0.6926190476190477,26,16,0.0
5,4,1,Monotonic,2,"{""lambda"": 0.1}",0.5976190476190476,16,18,0.0
5,4,2,Monotonic,2,"{""lambda"": 0.1}",0.7753968253968253,16,18,0.0
5,4,3,Monotonic,2,"{""lambda"": 0.1}",0.7888888888888888,16,19,0.0
5,4,4,Monotonic,2,"{""lambda"": 0.1}",0.5628571428571428,16,18,0.0
5,4,5,Monotonic,2,"{""lambda"": 0.1}",0.7116666666666667,16,18,0.0
5,4,1,Monotonic,3,"{""lambda"": 1.0}",0.7166666666666666,12,18,0.0
5,4,2,Monotonic,3,"{""lambda"": 1.0}",0.8083333333333333,12,19,0.0
5,4,3,Monotonic,3,"{""lambda"": 1.0}",0.75,12,20,0.0
5,4,4,Monotonic,3,"{""lambda"": 1.0}",0.5628571428571428,12,19,0.0
5,4,5,Monotonic,3,"{""lambda"": 1.0}",0.6595238095238095,12,19,0.0
5,4,1,Monotonic,4,"{""lambda"": 10.0}",0.8083333333333333,9,19,0.0
5,4,2,Monotonic,4,"{""lambda"": 10.0}",0.8261904761904761,9,19,0.0
5,4,3,Monotonic,4,"{""lambda"": 10.0}",0.7611111111111111,10,20,0.0
5,4,4,Monotonic,4,"{""lambda"": 10.0}",0.5628571428571428,10,19,0.0
5,4,5,Monotonic,4,"{""lambda"": 10.0}",0.6595238095238095,10,20,0.0
5,4,1,L2,0,"{""lambda"": 0.001}",0.43606060606060604,46,21,
5,4,2,L2,0,"{""lambda"": 0.001}",0.46333333333333326,58,21,
5,4,3,L2,0,"{""lambda"": 0.001}",0.7051948051948052,75,21,
5,4,4,L2,0,"{""lambda"": 0.001}",0.5120634920634921,53,21,
5,4,5,L2,0,"{""lambda"": 0.001}",0.5533333333333333,42,21,
5,4,1,L2,1,"{""lambda"": 0.01}",0.46904761904761905,30,21,
5,4,2,L2,1,"{""lambda"": 0.01}",0.5166666666666666,35,21,
5,4,3,L2,1,"{""lambda"": 0.01}",0.7109090909090909,33,21,
5,4,4,L2,1,"{""lambda"": 0.01}",0.5059523809523809,34,21,
5,4,5,L2,1,"{""lambda"": 0.01}",0.5644444444444444,30,21,
5,4,1,L2,2,"{""lambda"": 0.1}",0.6442424242424243,18,21,
5,4,2,L2,2,"{""lambda"": 0.1}",0.6885281385281385,16,21,
5,4,3,L2,2,"{""lambda"": 0.1}",0.7797979797979797,16,21,
5,4,4,L2,2,"{""lambda"": 0.1}",0.525952380952381,16,21,
5,4,5,L2,2,"{""lambda"": 0.1}",0.7116666666666667,16,21,
5,4,1,L2,3,"{""lambda"": 1.0}",0.6866666666666665,11,21,
5,4,2,L2,3,"{""lambda"": 1.0}",0.7277777777777779,11,21,
5,4,3,L2,3,"{""lambda"": 1.0}",0.75,11,21,
5,4,4,L2,3,"{""lambda"": 1.0}",0.5628571428571428,11,21,
5,4,5,L2,3,"{""lambda"": 1.0}",0.6595238095238095,11,21,
5,4,1,L2,4,"{""lambda"": 10.0}",0.7644444444444445,10,21,
5,4,2,L2,4,"{""lambda"": 10.0}",0.7595238095238095,9,21,
5,4,3,L2,4,"{""lambda"": 10.0}",0.7611111111111111,10,21,
5,4,4,L2,4,"{""lambda"": 10.0}",0.5449999999999999,10,21,
5,4,5,L2,4,"{""lambda"": 10.0}",0.6595238095238095,10,21,
5,4,1,Elastic Net,0,"{""lambda"": 0.001, ""l1_ratio"": 0.1}",0.43606060606060604,2009,21,
5,4,2,Elastic Net,0,"{""lambda"": 0.001, ""l1_ratio"": 0.1}",0.46333333333333326,6099,21,
5,4,3,Elastic Net,0,"{""lambda"": 0.001, ""l1_ratio"": 0.1}",0.7051948051948052,6068,21,
5,4,4,Elastic Net,0,"{""lambda"": 0.001, ""l1_ratio"": 0.1}",0.5120634920634921,4919,21,
5,4,5,Elastic Net,0,"{""lambda"": 0.001, ""l1_ratio"": 0.1}",0.5533333333333333,1744,21,
5,4,1,Elastic Net,1,"{""lambda"": 0.001, ""l1_ratio"": 0.5}",0.43606060606060604,2192,20,
5,4,2,Elastic Net,1,"{""lambda"": 0.001, ""l1_ratio"": 0.5}",0.46333333333333326,8950,21,
5,4,3,Elastic Net,1,"{""lambda"": 0.001, ""l1_ratio"": 0.5}",0.7051948051948052,8549,20,
5,4,4,Elastic Net,1,"{""lambda"": 0.001, ""l1_ratio"": 0.5}",0.5120634920634921,6396,21,
5,4,5,Elastic Net,1,"{""lambda"": 0.001, ""l1_ratio"": 0.5}",0.5533333333333333,1860,21,
5,4,1,Elastic Net,2,"{""lambda"": 0.001, ""l1_ratio"": 0.9}",0.45606060606060606,2468,20,
5,4,2,Elastic Net,2,"{""lambda"": 0.001, ""l1_ratio"": 0.9}",0.4966666666666666,19306,19,
5,4,3,Elastic Net,2,"{""lambda"": 0.001, ""l1_ratio"": 0.9}",0.6909090909090909,17458,20,
5,4,4,Elastic Net,2,"{""lambda"": 0.001, ""l1_ratio"": 0.9}",0.5120634920634921,9722,21,
5,4,5,Elastic Net,2,"{""lambda"": 0.001, ""l1_ratio"": 0.9}",0.5533333333333333,1997,21,
5,4,1,Elastic Net,3,"{""lambda"": 0.01, ""l1_ratio"": 0.1}",0.549047619047619,677,21,
5,4,2,Elastic Net,3,"{""lambda"": 0.01, ""l1_ratio"": 0.1}",0.5166666666666666,1057,20,
5,4,3,Elastic Net,3,"{""lambda"": 0.01, ""l1_ratio"": 0.1}",0.7109090909090909,851,21,
5,4,4,Elastic Net,3,"{""lambda"": 0.01, ""l1_ratio"": 0.1}",0.5059523809523809,885,21,
5,4,5,Elastic Net,3,"{""lambda"": 0.01, ""l1_ratio"": 0.1}",0.5644444444444444,754,20,
5,4,1,Elastic Net,4,"{""lambda"": 0.01, ""l1_ratio"": 0.5}",0.6051948051948053,843,20,
5,4,2,Elastic Net,4,"{""lambda"": 0.01, ""l1_ratio"": 0.5}",0.6166666666666667,1233,19,
5,4,3,Elastic Net,4,"{""lambda"": 0.01, ""l1_ratio"": 0.5}",0.7109090909090909,949,18,
5,4,4,Elastic Net,4,"{""lambda"": 0.01, ""l1_ratio"": 0.5}",0.5059523809523809,1105,20,
5,4,5,Elastic Net,4,"{""lambda"": 0.01, ""l1_ratio"": 0.5}",0.5644444444444444,842,17,
5,4,1,Elastic Net,5,"{""lambda"": 0.01, ""l1_ratio"": 0.9}",0.6142857142857143,626,15,
5,4,2,Elastic Net,5,"{""lambda"": 0.01, ""l1_ratio"": 0.9}",0.6466666666666667,2083,16,
5,4,3,Elastic Net,5,"{""lambda"": 0.01, ""l1_ratio"": 0.9}",0.7109090909090909,1445,17,
5,4,4,Elastic Net,5,"{""lambda"": 0.01, ""l1_ratio"": 0.9}",0.49206349206349204,1487,19,
5,4,5,Elastic Net,5,"{""lambda"": 0.01, ""l1_ratio"": 0.9}",0.5644444444444444,1125,16,
5,4,1,Elastic Net,6,"{""lambda"": 0.1, ""l1_ratio"": 0.1}",0.5442424242424242,119,17,
5,4,2,Elastic Net,6,"{""lambda"": 0.1, ""l1_ratio"": 0.1}",0.680952380952381,161,19,
5,4,3,Elastic Net,6,"{""lambda"": 0.1, ""l1_ratio"": 0.1}",0.7888888888888888,149,20,
5,4,4,Elastic Net,6,"{""lambda"": 0.1, ""l1_ratio"": 0.1}",0.525952380952381,153,19,
5,4,5,Elastic Net,6,"{""lambda"": 0.1, ""l1_ratio"": 0.1}",0.6116666666666666,145,17,
5,4,1,Elastic Net,7,"{""lambda"": 0.1, ""l1_ratio"": 0.5}",0.4851948051948052,134,8,
5,4,2,Elastic Net,7,"{""lambda"": 0.1, ""l1_ratio"": 0.5}",0.740909090909091,135,10,
5,4,3,Elastic Net,7,"{""lambda"": 0.1, ""l1_ratio"": 0.5}",0.75,178,10,
5,4,4,Elastic Net,7,"{""lambda"": 0.1, ""l1_ratio"": 0.5}",0.6166666666666666,215,12,
5,4,5,Elastic Net,7,"{""lambda"": 0.1, ""l1_ratio"": 0.5}",0.6226190476190475,152,8,
5,4,1,Elastic Net,8,"{""lambda"": 0.1, ""l1_ratio"": 0.9}",0.5111111111111111,137,4,
5,4,2,Elastic Net,8,"{""lambda"": 0.1, ""l1_ratio"": 0.9}",0.7944444444444445,140,6,
5,4,3,Elastic Net,8,"{""lambda"": 0.1, ""l1_ratio"": 0.9}",0.7611111111111111,128,4,
5,4,4,Elastic Net,8,"{""lambda"": 0.1, ""l1_ratio"": 0.9}",0.6166666666666666,110,2,
5,4,5,Elastic Net,8,"{""lambda"": 0.1, ""l1_ratio"": 0.9}",0.7416666666666667,116,4,
5,4,1,Elastic Net,9,"{""lambda"": 1.0, ""l1_ratio"": 0.1}",0.5644444444444444,59,7,
5,4,2,Elastic Net,9,"{""lambda"": 1.0, ""l1_ratio"": 0.1}",0.7892857142857141,87,7,
5,4,3,Elastic Net,9,"{""lambda"": 1.0, ""l1_ratio"": 0.1}",0.6944444444444444,86,9,
5,4,4,Elastic Net,9,"{""lambda"": 1.0, ""l1_ratio"": 0.1}",0.6433333333333333,80,9,
5,4,5,Elastic Net,9,"{""lambda"": 1.0, ""l1_ratio"": 0.1}",0.6416666666666666,86,5,
5,4,1,Elastic Net,10,"{""lambda"": 1.0, ""l1_ratio"": 0.5}",0.4166666666666667,3,0,
5,4,2,Elastic Net,10,"{""lambda"": 1.0, ""l1_ratio"": 0.5}",0.4166666666666667,3,0,
5,4,3,Elastic Net,10,"{""lambda"": 1.0, ""l1_ratio"": 0.5}",0.45454545454545453,1,0,
5,4,4,Elastic Net,10,"{""lambda"": 1.0, ""l1_ratio"": 0.5}",0.45454545454545453,1,0,
5,4,5,Elastic Net,10,"{""lambda"": 1.0, ""l1_ratio"": 0.5}",0.45454545454545453,1,0,
5,4,1,Elastic Net,11,"{""lambda"": 1.0, ""l1_ratio"": 0.9}",0.4166666666666667,3,0,
5,4,2,Elastic Net,11,"{""lambda"": 1.0, ""l1_ratio"": 0.9}",0.4166666666666667,3,0,
5,4,3,Elastic Net,11,"{""lambda"": 1.0, ""l1_ratio"": 0.9}",0.45454545454545453,1,0,
5,4,4,Elastic Net,11,"{""lambda"": 1.0, ""l1_ratio"": 0.9}",0.45454545454545453,1,0,
5,4,5,Elastic Net,11,"{""lambda"": 1.0, ""l1_ratio"": 0.9}",0.45454545454545453,1,0,
5,4,1,Elastic Net,12,"{""lambda"": 10.0, ""l1_ratio"": 0.1}",0.4166666666666667,3,0,
5,4,2,Elastic Net,12,"{""lambda"": 10.0, ""l1_ratio"": 0.1}",0.4166666666666667,3,0,
5,4,3,Elastic Net,12,"{""lambda"": 10.0, ""l1_ratio"": 0.1}",0.45454545454545453,1,0,
5,4,4,Elastic Net,12,"{""lambda"": 10.0, ""l1_ratio"": 0.1}",0.45454545454545453,1,0,
5,4,5,Elastic Net,12,"{""lambda"": 10.0, ""l1_ratio"": 0.1}",0.45454545454545453,1,0,
5,4,1,Elastic Net,13,"{""lambda"": 10.0, ""l1_ratio"": 0.5}",0.4166666666666667,1,0,
5,4,2,Elastic Net,13,"{""lambda"": 10.0, ""l1_ratio"": 0.5}",0.4166666666666667,1,0,
5,4,3,Elastic Net,13,"{""lambda"": 10.0, ""l1_ratio"": 0.5}",0.45454545454545453,1,0,
5,4,4,Elastic Net,13,"{""lambda"": 10.0, ""l1_ratio"": 0.5}",0.45454545454545453,1,0,
5,4,5,Elastic Net,13,"{""lambda"": 10.0, ""l1_ratio"": 0.5}",0.45454545454545453,1,0,
5,4,1,Elastic Net,14,"{""lambda"": 10.0, ""l1_ratio"": 0.9}",0.4166666666666667,1,0,
5,4,2,Elastic Net,14,"{""lambda"": 10.0, ""l1_ratio"": 0.9}",0.4166666666666667,1,0,
5,4,3,Elastic Net,14,"{""lambda"": 10.0, ""l1_ratio"": 0.9}",0.45454545454545453,1,0,
5,4,4,Elastic Net,14,"{""lambda"": 10.0, ""l1_ratio"": 0.9}",0.45454545454545453,1,0,
5,4,5,Elastic Net,14,"{""lambda"": 10.0, ""l1_ratio"": 0.9}",0.45454545454545453,1,0,
5,4,1,SVM,0,"{""C"": 0.01, ""gamma"": ""scale""}",0.5311111111111111,26,21,
5,4,2,SVM,0,"{""C"": 0.01, ""gamma"": ""scale""}",0.7783333333333333,26,21,
5,4,3,SVM,0,"{""C"": 0.01, ""gamma"": ""scale""}",0.5742424242424242,23,21,
5,4,4,SVM,0,"{""C"": 0.01, ""gamma"": ""scale""}",0.5644444444444444,25,21,
5,4,5,SVM,0,"{""C"": 0.01, ""gamma"": ""scale""}",0.7295238095238095,30,21,
5,4,1,SVM,1,"{""C"": 0.01, ""gamma"": 0.01}",0.6787301587301586,23,21,
5,4,2,SVM,1,"{""C"": 0.01, ""gamma"": 0.01}",0.7944444444444445,24,21,
5,4,3,SVM,1,"{""C"": 0.01, ""gamma"": 0.01}",0.740909090909091,22,21,
5,4,4,SVM,1,"{""C"": 0.01, ""gamma"": 0.01}",0.5866666666666666,22,21,
5,4,5,SVM,1,"{""C"": 0.01, ""gamma"": 0.01}",0.7116666666666667,24,21,
5,4,1,SVM,2,"{""C"": 0.01, ""gamma"": 0.1}",0.5644444444444444,33,21,
5,4,2,SVM,2,"{""C"": 0.01, ""gamma"": 0.1}",0.5592857142857143,33,21,
5,4,3,SVM,2,"{""C"": 0.01, ""gamma"": 0.1}",0.5442424242424242,32,21,
5,4,4,SVM,2,"{""C"": 0.01, ""gamma"": 0.1}",0.6192857142857142,30,21,
5,4,5,SVM,2,"{""C"": 0.01, ""gamma"": 0.1}",0.7595238095238095,36,21,
5,4,1,SVM,3,"{""C"": 0.1, ""gamma"": ""scale""}",0.5311111111111111,31,21,
5,4,2,SVM,3,"{""C"": 0.1, ""gamma"": ""scale""}",0.7783333333333333,32,21,
5,4,3,SVM,3,"{""C"": 0.1, ""gamma"": ""scale""}",0.6742424242424243,27,21,
5,4,4,SVM,3,"{""C"": 0.1, ""gamma"": ""scale""}",0.5644444444444444,31,21,
5,4,5,SVM,3,"{""C"": 0.1, ""gamma"": ""scale""}",0.7595238095238095,37,21,
5,4,1,SVM,4,"{""C"": 0.1, ""gamma"": 0.01}",0.6787301587301586,21,21,
5,4,2,SVM,4,"{""C"": 0.1, ""gamma"": 0.01}",0.7277777777777779,29,21,
5,4,3,SVM,4,"{""C"": 0.1, ""gamma"": 0.01}",0.740909090909091,24,21,
5,4,4,SVM,4,"{""C"": 0.1, ""gamma"": 0.01}",0.5866666666666666,27,21,
5,4,5,SVM,4,"{""C"": 0.1, ""gamma"": 0.01}",0.7116666666666667,25,21,
5,4,1,SVM,5,"{""C"": 0.1, ""gamma"": 0.1}",0.5644444444444444,43,21,
5,4,2,SVM,5,"{""C"": 0.1, ""gamma"": 0.1}",0.5592857142857143,44,21,
5,4,3,SVM,5,"{""C"": 0.1, ""gamma"": 0.1}",0.5442424242424242,42,21,
5,4,4,SVM,5,"{""C"": 0.1, ""gamma"": 0.1}",0.6192857142857142,44,21,
5,4,5,SVM,5,"{""C"": 0.1, ""gamma"": 0.1}",0.8528571428571428,49,21,
5,4,1,SVM,6,"{""C"": 1.0, ""gamma"": ""scale""}",0.5311111111111111,49,21,
5,4,2,SVM,6,"{""C"": 1.0, ""gamma"": ""scale""}",0.7644444444444445,42,21,
5,4,3,SVM,6,"{""C"": 1.0, ""gamma"": ""scale""}",0.740909090909091,43,21,
5,4,4,SVM,6,"{""C"": 1.0, ""gamma"": ""scale""}",0.5644444444444444,52,21,
5,4,5,SVM,6,"{""C"": 1.0, ""gamma"": ""scale""}",0.7595238095238095,51,21,
5,4,1,SVM,7,"{""C"": 1.0, ""gamma"": 0.01}",0.6442424242424243,29,21,
5,4,2,SVM,7,"{""C"": 1.0, ""gamma"": 0.01}",0.7277777777777779,31,21,
5,4,3,SVM,7,"{""C"": 1.0, ""gamma"": 0.01}",0.740909090909091,27,21,
5,4,4,SVM,7,"{""C"": 1.0, ""gamma"": 0.01}",0.5676190476190476,34,21,
5,4,5,SVM,7,"{""C"": 1.0, ""gamma"": 0.01}",0.7116666666666667,29,21,
5,4,1,SVM,8,"{""C"": 1.0, ""gamma"": 0.1}",0.5783333333333333,56,21,
5,4,2,SVM,8,"{""C"": 1.0, ""gamma"": 0.1}",0.5592857142857143,60,21,
5,4,3,SVM,8,"{""C"": 1.0, ""gamma"": 0.1}",0.5251948051948052,60,21,
5,4,4,SVM,8,"{""C"": 1.0, ""gamma"": 0.1}",0.6192857142857142,63,21,
5,4,5,SVM,8,"{""C"": 1.0, ""gamma"": 0.1}",0.8528571428571428,53,21,
5,4,1,SVM,9,"{""C"": 10.0, ""gamma"": ""scale""}",0.5059523809523809,116,21,
5,4,2,SVM,9,"{""C"": 10.0, ""gamma"": ""scale""}",0.7753968253968253,131,21,
5,4,3,SVM,9,"{""C"": 10.0, ""gamma"": ""scale""}",0.7075757575757575,133,21,
5,4,4,SVM,9,"{""C"": 10.0, ""gamma"": ""scale""}",0.6111111111111112,117,21,
5,4,5,SVM,9,"{""C"": 10.0, ""gamma"": ""scale""}",0.6783333333333332,138,21,
5,4,1,SVM,10,"{""C"": 10.0, ""gamma"": 0.01}",0.4442857142857143,129,21,
5,4,2,SVM,10,"{""C"": 10.0, ""gamma"": 0.01}",0.5033333333333333,138,21,
5,4,3,SVM,10,"{""C"": 10.0, ""gamma"": 0.01}",0.7388888888888889,125,21,
5,4,4,SVM,10,"{""C"": 10.0, ""gamma"": 0.01}",0.49206349206349204,136,21,
5,4,5,SVM,10,"{""C"": 10.0, ""gamma"": 0.01}",0.6783333333333332,91,21,
5,4,1,SVM,11,"{""C"": 10.0, ""gamma"": 0.1}",0.5783333333333333,84,21,
5,4,2,SVM,11,"{""C"": 10.0, ""gamma"": 0.1}",0.512063492063492,86,21,
5,4,3,SVM,11,"{""C"": 10.0, ""gamma"": 0.1}",0.6775757575757575,96,21,
5,4,4,SVM,11,"{""C"": 10.0, ""gamma"": 0.1}",0.6192857142857142,91,21,
5,4,5,SVM,11,"{""C"": 10.0, ""gamma"": 0.1}",0.6861904761904761,91,21,
5,4,1,SVM,12,"{""C"": 100.0, ""gamma"": ""scale""}",0.5059523809523809,116,21,
5,4,2,SVM,12,"{""C"": 100.0, ""gamma"": ""scale""}",0.7753968253968253,131,21,
5,4,3,SVM,12,"{""C"": 100.0, ""gamma"": ""scale""}",0.7075757575757575,133,21,
5,4,4,SVM,12,"{""C"": 100.0, ""gamma"": ""scale""}",0.6111111111111112,117,21,
5,4,5,SVM,12,"{""C"": 100.0, ""gamma"": ""scale""}",0.6783333333333332,138,21,
5,4,1,SVM,13,"{""C"": 100.0, ""gamma"": 0.01}",0.4434920634920635,338,21,
5,4,2,SVM,13,"{""C"": 100.0, ""gamma"": 0.01}",0.7642857142857142,359,21,
5,4,3,SVM,13,"{""C"": 100.0, ""gamma"": 0.01}",0.7551948051948052,321,21,
5,4,4,SVM,13,"{""C"": 100.0, ""gamma"": 0.01}",0.5909090909090908,385,21,
5,4,5,SVM,13,"{""C"": 100.0, ""gamma"": 0.01}",0.5783333333333333,501,21,
5,4,1,SVM,14,"{""C"": 100.0, ""gamma"": 0.1}",0.5783333333333333,84,21,
5,4,2,SVM,14,"{""C"": 100.0, ""gamma"": 0.1}",0.512063492063492,86,21,
5,4,3,SVM,14,"{""C"": 100.0, ""gamma"": 0.1}",0.6775757575757575,96,21,
5,4,4,SVM,14,"{""C"": 100.0, ""gamma"": 0.1}",0.6192857142857142,91,21,
5,4,5,SVM,14,"{""C"": 100.0, ""gamma"": 0.1}",0.6861904761904761,91,21,
5,5,1,Monotonic,0,"{""lambda"": 0.001}",0.6722222222222223,34,15,0.0
5,5,2,Monotonic,0,"{""lambda"": 0.001}",0.4997979797979797,40,16,0.0
5,5,3,Monotonic,0,"{""lambda"": 0.001}",0.5787301587301587,31,16,0.0
5,5,4,Monotonic,0,"{""lambda"": 0.001}",0.7961904761904761,28,14,0.0
5,5,5,Monotonic,0,"{""lambda"": 0.001}",0.4688888888888889,41,18,0.0
5,5,1,Monotonic,1,"{""lambda"": 0.01}",0.6833333333333333,27,15,0.0
5,5,2,Monotonic,1,"{""lambda"": 0.01}",0.6242424242424243,28,17,0.0
5,5,3,Monotonic,1,"{""lambda"": 0.01}",0.6416666666666666,25,16,0.0
5,5,4,Monotonic,1,"{""lambda"": 0.01}",0.8761904761904762,29,16,0.0
5,5,5,Monotonic,1,"{""lambda"": 0.01}",0.45460317460317456,29,17,0.0
5,5,1,Monotonic,2,"{""lambda"": 0.1}",0.6190476190476191,15,18,0.0
5,5,2,Monotonic,2,"{""lambda"": 0.1}",0.6190476190476191,15,18,0.0
5,5,3,Monotonic,2,"{""lambda"": 0.1}",0.7595238095238095,15,17,0.0
5,5,4,Monotonic,2,"{""lambda"": 0.1}",0.7595238095238095,15,18,0.0
5,5,5,Monotonic,2,"{""lambda"": 0.1}",0.45460317460317456,16,19,0.0
5,5,1,Monotonic,3,"{""lambda"": 1.0}",0.5768253968253969,10,19,0.0
5,5,2,Monotonic,3,"{""lambda"": 1.0}",0.711111111111111,12,19,0.0
5,5,3,Monotonic,3,"{""lambda"": 1.0}",0.9428571428571428,12,18,0.0
5,5,4,Monotonic,3,"{""lambda"": 1.0}",0.6277777777777778,12,19,0.0
5,5,5,Monotonic,3,"{""lambda"": 1.0}",0.45460317460317456,12,20,0.0
5,5,1,Monotonic,4,"{""lambda"": 10.0}",0.5968253968253969,10,19,0.0
5,5,2,Monotonic,4,"{""lambda"": 10.0}",0.7253968253968255,10,20,0.0
5,5,3,Monotonic,4,"{""lambda"": 10.0}",1.0,9,19,0.0
5,5,4,Monotonic,4,"{""lambda"": 10.0}",0.6277777777777778,10,19,0.0
5,5,5,Monotonic,4,"{""lambda"": 10.0}",0.46571428571428575,10,19,0.0
5,5,1,L2,0,"{""lambda"": 0.001}",0.7176190476190476,63,21,
5,5,2,L2,0,"{""lambda"": 0.001}",0.5301587301587302,64,21,
5,5,3,L2,0,"{""lambda"": 0.001}",0.519047619047619,65,21,
5,5,4,L2,0,"{""lambda"": 0.001}",0.6416666666666666,60,21,
5,5,5,L2,0,"{""lambda"": 0.001}",0.4411111111111111,55,21,
5,5,1,L2,1,"{""lambda"": 0.01}",0.6472222222222221,36,21,
5,5,2,L2,1,"{""lambda"": 0.01}",0.5301587301587302,34,21,
5,5,3,L2,1,"{""lambda"": 0.01}",0.5977777777777777,33,21,
5,5,4,L2,1,"{""lambda"": 0.01}",0.6295238095238095,34,21,
5,5,5,L2,1,"{""lambda"": 0.01}",0.43555555555555553,35,21,
5,5,1,L2,2,"{""lambda"": 0.1}",0.5800000000000001,16,21,
5,5,2,L2,2,"{""lambda"": 0.1}",0.6301587301587301,17,21,
5,5,3,L2,2,"{""lambda"": 0.1}",0.6277777777777778,16,21,
5,5,4,L2,2,"{""lambda"": 0.1}",0.6595238095238095,16,21,
5,5,5,L2,2,"{""lambda"": 0.1}",0.45460317460317456,17,21,
5,5,1,L2,3,"{""lambda"": 1.0}",0.5968253968253969,10,21,
5,5,2,L2,3,"{""lambda"": 1.0}",0.7253968253968255,11,21,
5,5,3,L2,3,"{""lambda"": 1.0}",0.9428571428571428,11,21,
5,5,4,L2,3,"{""lambda"": 1.0}",0.6277777777777778,10,21,
5,5,5,L2,3,"{""lambda"": 1.0}",0.45460317460317456,11,21,
5,5,1,L2,4,"{""lambda"": 10.0}",0.5768253968253969,10,21,
5,5,2,L2,4,"{""lambda"": 10.0}",0.6726190476190477,10,21,
5,5,3,L2,4,"{""lambda"": 10.0}",1.0,9,21,
5,5,4,L2,4,"{""lambda"": 10.0}",0.6277777777777778,10,21,
5,5,5,L2,4,"{""lambda"": 10.0}",0.45238095238095233,10,21,
5,5,1,Elastic Net,0,"{""lambda"": 0.001, ""l1_ratio"": 0.1}",0.7176190476190476,2673,21,
5,5,2,Elastic Net,0,"{""lambda"": 0.001, ""l1_ratio"": 0.1}",0.5301587301587302,3351,21,
5,5,3,Elastic Net,0,"{""lambda"": 0.001, ""l1_ratio"": 0.1}",0.519047619047619,3205,21,
5,5,4,Elastic Net,0,"{""lambda"": 0.001, ""l1_ratio"": 0.1}",0.6416666666666666,3447,21,
5,5,5,Elastic Net,0,"{""lambda"": 0.001, ""l1_ratio"": 0.1}",0.4411111111111111,3653,21,
5,5,1,Elastic Net,1,"{""lambda"": 0.001, ""l1_ratio"": 0.5}",0.7176190476190476,2999,21,
5,5,2,Elastic Net,1,"{""lambda"": 0.001, ""l1_ratio"": 0.5}",0.5301587301587302,4007,21,
5,5,3,Elastic Net,1,"{""lambda"": 0.001, ""l1_ratio"": 0.5}",0.519047619047619,4955,21,
5,5,4,Elastic Net,1,"{""lambda"": 0.001, ""l1_ratio"": 0.5}",0.6416666666666666,4343,21,
5,5,5,Elastic Net,1,"{""lambda"": 0.001, ""l1_ratio"": 0.5}",0.4411111111111111,4437,21,
5,5,1,Elastic Net,2,"{""lambda"": 0.001, ""l1_ratio"": 0.9}",0.7251948051948052,3450,21,
5,5,2,Elastic Net,2,"{""lambda"": 0.001, ""l1_ratio"": 0.9}",0.5301587301587302,5149,21,
5,5,3,Elastic Net,2,"{""lambda"": 0.001, ""l1_ratio"": 0.9}",0.48571428571428565,12391,20,
5,5,4,Elastic Net,2,"{""lambda"": 0.001, ""l1_ratio"": 0.9}",0.6416666666666666,6370,21,
5,5,5,Elastic Net,2,"{""lambda"": 0.001, ""l1_ratio"": 0.9}",0.4411111111111111,5796,19,
5,5,1,Elastic Net,3,"{""lambda"": 0.01, ""l1_ratio"": 0.1}",0.6579365079365079,845,21,
5,5,2,Elastic Net,3,"{""lambda"": 0.01, ""l1_ratio"": 0.1}",0.5301587301587302,776,20,
5,5,3,Elastic Net,3,"{""lambda"": 0.01, ""l1_ratio"": 0.1}",0.5977777777777777,433,21,
5,5,4,Elastic Net,3,"{""lambda"": 0.01, ""l1_ratio"": 0.1}",0.6295238095238095,839,21,
5,5,5,Elastic Net,3,"{""lambda"": 0.01, ""l1_ratio"": 0.1}",0.43555555555555553,836,21,
5,5,1,Elastic Net,4,"{""lambda"": 0.01, ""l1_ratio"": 0.5}",0.6166666666666667,1095,19,
5,5,2,Elastic Net,4,"{""lambda"": 0.01, ""l1_ratio"": 0.5}",0.5301587301587302,1094,18,
5,5,3,Elastic Net,4,"{""lambda"": 0.01, ""l1_ratio"": 0.5}",0.5787301587301587,540,18,
5,5,4,Elastic Net,4,"{""lambda"": 0.01, ""l1_ratio"": 0.5}",0.6595238095238095,1115,19,
5,5,5,Elastic Net,4,"{""lambda"": 0.01, ""l1_ratio"": 0.5}",0.45460317460317456,982,20,
5,5,1,Elastic Net,5,"{""lambda"": 0.01, ""l1_ratio"": 0.9}",0.6309523809523809,1125,15,
5,5,2,Elastic Net,5,"{""lambda"": 0.01, ""l1_ratio"": 0.9}",0.5444444444444444,1932,17,
5,5,3,Elastic Net,5,"{""lambda"": 0.01, ""l1_ratio"": 0.9}",0.5644444444444444,740,17,
5,5,4,Elastic Net,5,"{""lambda"": 0.01, ""l1_ratio"": 0.9}",0.6277777777777778,1773,17,
5,5,5,Elastic Net,5,"{""lambda"": 0.01, ""l1_ratio"": 0.9}",0.45460317460317456,1196,15,
5,5,1,Elastic Net,6,"{""lambda"": 0.1, ""l1_ratio"": 0.1}",0.5657142857142857,147,15,
5,5,2,Elastic Net,6,"{""lambda"": 0.1, ""l1_ratio"": 0.1}",0.6301587301587301,150,17,
5,5,3,Elastic Net,6,"{""lambda"": 0.1, ""l1_ratio"": 0.1}",0.6595238095238095,87,19,
5,5,4,Elastic Net,6,"{""lambda"": 0.1, ""l1_ratio"": 0.1}",0.6595238095238095,139,18,
5,5,5,Elastic Net,6,"{""lambda"": 0.1, ""l1_ratio"": 0.1}",0.45460317460317456,147,19,
5,5,1,Elastic Net,7,"{""lambda"": 0.1, ""l1_ratio"": 0.5}",0.5768253968253969,174,7,
5,5,2,Elastic Net,7,"{""lambda"": 0.1, ""l1_ratio"": 0.5}",0.6301587301587301,196,10,
5,5,3,Elastic Net,7,"{""lambda"": 0.1, ""l1_ratio"": 0.5}",0.9428571428571428,94,10,
5,5,4,Elastic Net,7,"{""lambda"": 0.1, ""l1_ratio"": 0.5}",0.6295238095238095,192,9,
5,5,5,Elastic Net,7,"{""lambda"": 0.1, ""l1_ratio"": 0.5}",0.4305555555555556,177,9,
5,5,1,Elastic Net,8,"{""lambda"": 0.1, ""l1_ratio"": 0.9}",0.4768253968253968,166,5,
5,5,2,Elastic Net,8,"{""lambda"": 0.1, ""l1_ratio"": 0.9}",0.6190476190476191,213,5,
5,5,3,Elastic Net,8,"{""lambda"": 0.1, ""l1_ratio"": 0.9}",0.9428571428571428,177,5,
5,5,4,Elastic Net,8,"{""lambda"": 0.1, ""l1_ratio"": 0.9}",0.7116666666666667,136,4,
5,5,5,Elastic Net,8,"{""lambda"": 0.1, ""l1_ratio"": 0.9}",0.5305555555555556,363,6,
5,5,1,Elastic Net,9,"{""lambda"": 1.0, ""l1_ratio"": 0.1}",0.5634920634920635,79,8,
5,5,2,Elastic Net,9,"{""lambda"": 1.0, ""l1_ratio"": 0.1}",0.6301587301587301,87,8,
5,5,3,Elastic Net,9,"{""lambda"": 1.0, ""l1_ratio"": 0.1}",0.9028571428571428,57,6,
5,5,4,Elastic Net,9,"{""lambda"": 1.0, ""l1_ratio"": 0.1}",0.7783333333333333,81,8,
5,5,5,Elastic Net,9,"{""lambda"": 1.0, ""l1_ratio"": 0.1}",0.5305555555555556,83,9,
5,5,1,Elastic Net,10,"{""lambda"": 1.0, ""l1_ratio"": 0.5}",0.4166666666666667,3,0,
5,5,2,Elastic Net,10,"{""lambda"": 1.0, ""l1_ratio"": 0.5}",0.4166666666666667,3,0,
5,5,3,Elastic Net,10,"{""lambda"": 1.0, ""l1_ratio"": 0.5}",0.45454545454545453,1,0,
5,5,4,Elastic Net,10,"{""lambda"": 1.0, ""l1_ratio"": 0.5}",0.45454545454545453,4,0,
5,5,5,Elastic Net,10,"{""lambda"": 1.0, ""l1_ratio"": 0.5}",0.45454545454545453,4,0,
5,5,1,Elastic Net,11,"{""lambda"": 1.0, ""l1_ratio"": 0.9}",0.4166666666666667,1,0,
5,5,2,Elastic Net,11,"{""lambda"": 1.0, ""l1_ratio"": 0.9}",0.4166666666666667,1,0,
5,5,3,Elastic Net,11,"{""lambda"": 1.0, ""l1_ratio"": 0.9}",0.45454545454545453,1,0,
5,5,4,Elastic Net,11,"{""lambda"": 1.0, ""l1_ratio"": 0.9}",0.45454545454545453,1,0,
5,5,5,Elastic Net,11,"{""lambda"": 1.0, ""l1_ratio"": 0.9}",0.45454545454545453,1,0,
5,5,1,Elastic Net,12,"{""lambda"": 10.0, ""l1_ratio"": 0.1}",0.4166666666666667,1,0,
5,5,2,Elastic Net,12,"{""lambda"": 10.0, ""l1_ratio"": 0.1}",0.4166666666666667,1,0,
5,5,3,Elastic Net,12,"{""lambda"": 10.0, ""l1_ratio"": 0.1}",0.45454545454545453,1,0,
5,5,4,Elastic Net,12,"{""lambda"": 10.0, ""l1_ratio"": 0.1}",0.45454545454545453,1,0,
5,5,5,Elastic Net,12,"{""lambda"": 10.0, ""l1_ratio"": 0.1}",0.45454545454545453,1,0,
5,5,1,Elastic Net,13,"{""lambda"": 10.0, ""l1_ratio"": 0.5}",0.4166666666666667,1,0,
5,5,2,Elastic Net,13,"{""lambda"": 10.0, ""l1_ratio"": 0.5}",0.4166666666666667,1,0,
5,5,3,Elastic Net,13,"{""lambda"": 10.0, ""l1_ratio"": 0.5}",0.45454545454545453,1,0,
5,5,4,Elastic Net,13,"{""lambda"": 10.0, ""l1_ratio"": 0.5}",0.45454545454545453,1,0,
5,5,5,Elastic Net,13,"{""lambda"": 10.0, ""l1_ratio"": 0.5}",0.45454545454545453,1,0,
5,5,1,Elastic Net,14,"{""lambda"": 10.0, ""l1_ratio"": 0.9}",0.4166666666666667,1,0,
5,5,2,Elastic Net,14,"{""lambda"": 10.0, ""l1_ratio"": 0.9}",0.4166666666666667,1,0,
5,5,3,Elastic Net,14,"{""lambda"": 10.0, ""l1_ratio"": 0.9}",0.45454545454545453,1,0,
5,5,4,Elastic Net,14,"{""lambda"": 10.0, ""l1_ratio"": 0.9}",0.45454545454545453,1,0,
5,5,5,Elastic Net,14,"{""lambda"": 10.0, ""l1_ratio"": 0.9}",0.45454545454545453,1,0,
5,5,1,SVM,0,"{""C"": 0.01, ""gamma"": ""scale""}",0.5592857142857143,24,21,
5,5,2,SVM,0,"{""C"": 0.01, ""gamma"": ""scale""}",0.60995670995671,23,21,
5,5,3,SVM,0,"{""C"": 0.01, ""gamma"": ""scale""}",0.81,26,21,
5,5,4,SVM,0,"{""C"": 0.01, ""gamma"": ""scale""}",0.8333333333333333,25,21,
5,5,5,SVM,0,"{""C"": 0.01, ""gamma"": ""scale""}",0.48,24,21,
5,5,1,SVM,1,"{""C"": 0.01, ""gamma"": 0.01}",0.5768253968253969,21,21,
5,5,2,SVM,1,"{""C"": 0.01, ""gamma"": 0.01}",0.6968253968253968,21,21,
5,5,3,SVM,1,"{""C"": 0.01, ""gamma"": 0.01}",0.8583333333333332,22,21,
5,5,4,SVM,1,"{""C"": 0.01, ""gamma"": 0.01}",0.8444444444444443,23,21,
5,5,5,SVM,1,"{""C"": 0.01, ""gamma"": 0.01}",0.45460317460317456,23,21,
5,5,1,SVM,2,"{""C"": 0.01, ""gamma"": 0.1}",0.6416666666666666,31,21,
5,5,2,SVM,2,"{""C"": 0.01, ""gamma"": 0.1}",0.6160606060606061,30,21,
5,5,3,SVM,2,"{""C"": 0.01, ""gamma"": 0.1}",0.6977777777777778,36,21,
5,5,4,SVM,2,"{""C"": 0.01, ""gamma"": 0.1}",0.8333333333333333,36,21,
5,5,5,SVM,2,"{""C"": 0.01, ""gamma"": 0.1}",0.5053968253968254,32,21,
5,5,1,SVM,3,"{""C"": 0.1, ""gamma"": ""scale""}",0.5592857142857143,28,21,
5,5,2,SVM,3,"{""C"": 0.1, ""gamma"": ""scale""}",0.60995670995671,27,21,
5,5,3,SVM,3,"{""C"": 0.1, ""gamma"": ""scale""}",0.81,31,21,
5,5,4,SVM,3,"{""C"": 0.1, ""gamma"": ""scale""}",0.8333333333333333,36,21,
5,5,5,SVM,3,"{""C"": 0.1, ""gamma"": ""scale""}",0.48,30,21,
5,5,1,SVM,4,"{""C"": 0.1, ""gamma"": 0.01}",0.5768253968253969,24,21,
5,5,2,SVM,4,"{""C"": 0.1, ""gamma"": 0.01}",0.6968253968253968,21,21,
5,5,3,SVM,4,"{""C"": 0.1, ""gamma"": 0.01}",0.8583333333333332,25,21,
5,5,4,SVM,4,"{""C"": 0.1, ""gamma"": 0.01}",0.8444444444444443,25,21,
5,5,5,SVM,4,"{""C"": 0.1, ""gamma"": 0.01}",0.45460317460317456,23,21,
5,5,1,SVM,5,"{""C"": 0.1, ""gamma"": 0.1}",0.6226190476190475,40,21,
5,5,2,SVM,5,"{""C"": 0.1, ""gamma"": 0.1}",0.6160606060606061,39,21,
5,5,3,SVM,5,"{""C"": 0.1, ""gamma"": 0.1}",0.6977777777777778,46,21,
5,5,4,SVM,5,"{""C"": 0.1, ""gamma"": 0.1}",0.8333333333333333,47,21,
5,5,5,SVM,5,"{""C"": 0.1, ""gamma"": 0.1}",0.5053968253968254,38,21,
5,5,1,SVM,6,"{""C"": 1.0, ""gamma"": ""scale""}",0.5644444444444444,53,21,
5,5,2,SVM,6,"{""C"": 1.0, ""gamma"": ""scale""}",0.6766233766233767,46,21,
5,5,3,SVM,6,"{""C"": 1.0, ""gamma"": ""scale""}",0.81,43,21,
5,5,4,SVM,6,"{""C"": 1.0, ""gamma"": ""scale""}",0.8333333333333333,49,21,
5,5,5,SVM,6,"{""C"": 1.0, ""gamma"": ""scale""}",0.49111111111111116,53,21,
5,5,1,SVM,7,"{""C"": 1.0, ""gamma"": 0.01}",0.5968253968253969,30,21,
5,5,2,SVM,7,"{""C"": 1.0, ""gamma"": 0.01}",0.6968253968253968,27,21,
5,5,3,SVM,7,"{""C"": 1.0, ""gamma"": 0.01}",0.8583333333333332,30,21,
5,5,4,SVM,7,"{""C"": 1.0, ""gamma"": 0.01}",0.8444444444444443,31,21,
5,5,5,SVM,7,"{""C"": 1.0, ""gamma"": 0.01}",0.45460317460317456,29,21,
5,5,1,SVM,8,"{""C"": 1.0, ""gamma"": 0.1}",0.6226190476190475,60,21,
5,5,2,SVM,8,"{""C"": 1.0, ""gamma"": 0.1}",0.6160606060606061,57,21,
5,5,3,SVM,8,"{""C"": 1.0, ""gamma"": 0.1}",0.7644444444444445,66,21,
5,5,4,SVM,8,"{""C"": 1.0, ""gamma"": 0.1}",0.8333333333333333,59,21,
5,5,5,SVM,8,"{""C"": 1.0, ""gamma"": 0.1}",0.5253968253968254,59,21,
5,5,1,SVM,9,"{""C"": 10.0, ""gamma"": ""scale""}",0.633131313131313,128,21,
5,5,2,SVM,9,"{""C"": 10.0, ""gamma"": ""scale""}",0.6547979797979798,127,21,
5,5,3,SVM,9,"{""C"": 10.0, ""gamma"": ""scale""}",0.7442424242424241,114,21,
5,5,4,SVM,9,"{""C"": 10.0, ""gamma"": ""scale""}",0.7166666666666666,133,21,
5,5,5,SVM,9,"{""C"": 10.0, ""gamma"": ""scale""}",0.6592857142857143,135,21,
5,5,1,SVM,10,"{""C"": 10.0, ""gamma"": 0.01}",0.41888888888888887,114,21,
5,5,2,SVM,10,"{""C"": 10.0, ""gamma"": 0.01}",0.607936507936508,120,21,
5,5,3,SVM,10,"{""C"": 10.0, ""gamma"": 0.01}",0.5885281385281385,126,21,
5,5,4,SVM,10,"{""C"": 10.0, ""gamma"": 0.01}",0.6166666666666666,121,21,
5,5,5,SVM,10,"{""C"": 10.0, ""gamma"": 0.01}",0.5192857142857142,109,21,
5,5,1,SVM,11,"{""C"": 10.0, ""gamma"": 0.1}",0.5944444444444444,96,21,
5,5,2,SVM,11,"{""C"": 10.0, ""gamma"": 0.1}",0.6490476190476191,85,21,
5,5,3,SVM,11,"{""C"": 10.0, ""gamma"": 0.1}",0.7533333333333332,96,21,
5,5,4,SVM,11,"{""C"": 10.0, ""gamma"": 0.1}",0.7166666666666666,95,21,
5,5,5,SVM,11,"{""C"": 10.0, ""gamma"": 0.1}",0.5587301587301587,93,21,
5,5,1,SVM,12,"{""C"": 100.0, ""gamma"": ""scale""}",0.633131313131313,128,21,
5,5,2,SVM,12,"{""C"": 100.0, ""gamma"": ""scale""}",0.6547979797979798,127,21,
5,5,3,SVM,12,"{""C"": 100.0, ""gamma"": ""scale""}",0.7442424242424241,114,21,
5,5,4,SVM,12,"{""C"": 100.0, ""gamma"": ""scale""}",0.7166666666666666,133,21,
5,5,5,SVM,12,"{""C"": 100.0, ""gamma"": ""scale""}",0.6592857142857143,135,21,
5,5,1,SVM,13,"{""C"": 100.0, ""gamma"": 0.01}",0.6093939393939394,433,21,
5,5,2,SVM,13,"{""C"": 100.0, ""gamma"": 0.01}",0.4305555555555556,386,21,
5,5,3,SVM,13,"{""C"": 100.0, ""gamma"": 0.01}",0.5585281385281384,250,21,
5,5,4,SVM,13,"{""C"": 100.0, ""gamma"": 0.01}",0.5866666666666666,401,21,
5,5,5,SVM,13,"{""C"": 100.0, ""gamma"": 0.01}",0.6726190476190477,408,21,
5,5,1,SVM,14,"{""C"": 100.0, ""gamma"": 0.1}",0.5944444444444444,96,21,
5,5,2,SVM,14,"{""C"": 100.0, ""gamma"": 0.1}",0.6490476190476191,85,21,
5,5,3,SVM,14,"{""C"": 100.0, ""gamma"": 0.1}",0.7533333333333332,96,21,
5,5,4,SVM,14,"{""C"": 100.0, ""gamma"": 0.1}",0.7166666666666666,95,21,
5,5,5,SVM,14,"{""C"": 100.0, ""gamma"": 0.1}",0.5587301587301587,93,21,
